Brand,Product,Shade,Price,Image,Undertone,Skin tone,undertone_norm,skintone_norm,price_numeric,image_exists,hex_in_name,rgb_extracted,hex_extracted,lab_L,lab_a,lab_b,color_source,mst_id,mst_label,mst_hex,mst_confidence,mst_delta_e,mst_score_image,mst_score_undertone,mst_score_skintone,mst_top3,mst_weight_mode
Wardah,Lightening Liquid Foundation 25 Ml,01 Neutral Fair (12N),57000,D:\Kuliah\Semester 8\Capstone\Images\Wardah\01 Neutral Fair (12N).jpg,Neutral,Fair,neutral,fair,57000,TRUE,,"(np.int64(233), np.int64(199), np.int64(175))",#E9C7AF,82.52250049,8.418278818,16.47863297,image,1,Porcelain,#f6ede4,28.7,17.51,10.3,10,63,"[{""mst"": 1, ""label"": ""Porcelain"", ""score_pct"": 28.7}, {""mst"": 2, ""label"": ""Fair"", ""score_pct"": 20.2}, {""mst"": 5, ""label"": ""Medium"", ""score_pct"": 14.6}]",full
Wardah,Lightening Liquid Foundation 25 Ml,02 Neutral Beige (32N),57000,D:\Kuliah\Semester 8\Capstone\Images\Wardah\02 Neutral Beige (32N).jpg,Neutral,Light to medium,neutral,light to medium,57000,TRUE,,"(np.int64(226), np.int64(192), np.int64(156))",#E2C09C,79.76756989,6.910563181,22.66457865,image,5,Medium,#d7bd96,27.7,3.94,53,10,5.3,"[{""mst"": 5, ""label"": ""Medium"", ""score_pct"": 27.7}, {""mst"": 4, ""label"": ""Light Medium"", ""score_pct"": 27.2}, {""mst"": 3, ""label"": ""Light"", ""score_pct"": 22.2}]",full
Wardah,Lightening Liquid Foundation 25 Ml,03 Warm Beige (32W),57000,D:\Kuliah\Semester 8\Capstone\Images\Wardah\03 Warm Beige (32W).jpg,Warm,Light to medium,warm,light to medium,57000,TRUE,,"(np.int64(217), np.int64(171), np.int64(129))",#D9AB81,73.19711359,11.31461804,28.05146021,image,5,Medium,#d7bd96,25.3,10.38,46.2,13,5.3,"[{""mst"": 5, ""label"": ""Medium"", ""score_pct"": 25.3}, {""mst"": 4, ""label"": ""Light Medium"", ""score_pct"": 24.0}, {""mst"": 3, ""label"": ""Light"", ""score_pct"": 20.5}]",full
Wardah,Lightening Liquid Foundation 25 Ml,04 Caramel (53W),57000,D:\Kuliah\Semester 8\Capstone\Images\Wardah\04 Caramel (53W).jpg,Warm,Tan,warm,tan,57000,TRUE,,"(np.int64(227), np.int64(157), np.int64(111))",#E39D6F,70.59158378,21.04281971,34.46440522,image,6,Medium Tan,#a07850,35.6,21.09,39,12,44.7,"[{""mst"": 6, ""label"": ""Medium Tan"", ""score_pct"": 35.6}, {""mst"": 7, ""label"": ""Tan"", ""score_pct"": 22.0}, {""mst"": 5, ""label"": ""Medium"", ""score_pct"": 17.7}]",full
Wardah,Lightening Liquid Foundation 25 Ml,05 Warm Ivory (23W),57000,D:\Kuliah\Semester 8\Capstone\Images\Wardah\05 Warm Ivory (23W).jpg,Warm,Light,warm,light,57000,TRUE,,"(np.int64(232), np.int64(182), np.int64(143))",#E8B68F,77.63698033,12.9624131,26.78017426,image,5,Medium,#d7bd96,24.1,10.17,47.8,13,0,"[{""mst"": 5, ""label"": ""Medium"", ""score_pct"": 24.1}, {""mst"": 3, ""label"": ""Light"", ""score_pct"": 21.7}, {""mst"": 2, ""label"": ""Fair"", ""score_pct"": 20.0}]",full
Wardah,Lightening Liquid Foundation 25 Ml,06 Neutral Sand (42N),57000,D:\Kuliah\Semester 8\Capstone\Images\Wardah\06 Neutral Sand (42N).jpg,Neutral,Medium,neutral,medium,57000,TRUE,,"(np.int64(213), np.int64(161), np.int64(126))",#D5A17E,70.2773103,14.76550893,25.70116597,image,5,Medium,#d7bd96,35.9,13.86,40.6,10,44.7,"[{""mst"": 5, ""label"": ""Medium"", ""score_pct"": 35.9}, {""mst"": 4, ""label"": ""Light Medium"", ""score_pct"": 22.9}, {""mst"": 6, ""label"": ""Medium Tan"", ""score_pct"": 15.5}]",full
Wardah,Wardah Colorfit Matte Foundation,22N Light Ivory,78000,D:\Kuliah\Semester 8\Capstone\Images\Wardah Colorfit\11C Pink Fair.jpg,Neutral,Light,neutral,light,78000,TRUE,,"(np.int64(235), np.int64(198), np.int64(191))",#EBC6BF,82.81437949,11.99742122,8.389507069,image,2,Fair,#f3e7db,28.9,13.76,25.1,10,44.7,"[{""mst"": 2, ""label"": ""Fair"", ""score_pct"": 28.9}, {""mst"": 3, ""label"": ""Light"", ""score_pct"": 25.5}, {""mst"": 4, ""label"": ""Light Medium"", ""score_pct"": 12.8}]",full
Wardah,Wardah Colorfit Matte Foundation,11C Pink Fair,78000,D:\Kuliah\Semester 8\Capstone\Images\Wardah Colorfit\11C Pink Fair.jpg,Cool,Light,cool,light,78000,TRUE,,"(np.int64(235), np.int64(198), np.int64(191))",#EBC6BF,82.81437949,11.99742122,8.389507069,image,2,Fair,#f3e7db,29.8,13.76,26.5,11.5,44.7,"[{""mst"": 2, ""label"": ""Fair"", ""score_pct"": 29.8}, {""mst"": 3, ""label"": ""Light"", ""score_pct"": 25.4}, {""mst"": 1, ""label"": ""Porcelain"", ""score_pct"": 14.2}]",full
Wardah,Wardah Colorfit Matte Foundation,42N Neutral Sand,78000,D:\Kuliah\Semester 8\Capstone\Images\Wardah Colorfit\42N Neutral Sand.jpg,Neutral,Medium,neutral,medium,78000,TRUE,,"(np.int64(239), np.int64(165), np.int64(117))",#EFA575,73.90062972,22.1297739,35.79149498,image,5,Medium,#d7bd96,33.8,22.89,36,10,44.7,"[{""mst"": 5, ""label"": ""Medium"", ""score_pct"": 33.8}, {""mst"": 4, ""label"": ""Light Medium"", ""score_pct"": 23.3}, {""mst"": 6, ""label"": ""Medium Tan"", ""score_pct"": 16.7}]",full
Wardah,Wardah Colorfit Matte Foundation,52N Almond,78000,D:\Kuliah\Semester 8\Capstone\Images\Wardah Colorfit\52N Almond.jpg,Neutral,Tan,neutral,tan,78000,TRUE,,"(np.int64(210), np.int64(123), np.int64(77))",#D27B4D,60.2546085,29.70991582,39.29838097,image,6,Medium Tan,#a07850,42.3,23.26,54.8,10,44.7,"[{""mst"": 6, ""label"": ""Medium Tan"", ""score_pct"": 42.3}, {""mst"": 7, ""label"": ""Tan"", ""score_pct"": 26.8}, {""mst"": 5, ""label"": ""Medium"", ""score_pct"": 9.2}]",full
Wardah,Wardah Colorfit Matte Foundation,33W Olive Beige,78000,D:\Kuliah\Semester 8\Capstone\Images\Wardah Colorfit\33W Olive Beige.jpg,Warm,Light to medium,warm,light to medium,78000,TRUE,,"(np.int64(225), np.int64(164), np.int64(121))",#E1A479,72.18985667,17.43360886,31.15607855,image,4,Light Medium,#eadaba,23.1,26.54,11.4,12,44.7,"[{""mst"": 4, ""label"": ""Light Medium"", ""score_pct"": 23.1}, {""mst"": 5, ""label"": ""Medium"", ""score_pct"": 20.7}, {""mst"": 3, ""label"": ""Light"", ""score_pct"": 20.2}]",full
Wardah,Wardah Colorfit Matte Foundation,43W Golden Sand,78000,D:\Kuliah\Semester 8\Capstone\Images\Wardah Colorfit\43W Golden Sand.jpg,Warm,Medium,warm,medium,78000,TRUE,,"(np.int64(241), np.int64(159), np.int64(109))",#F19F6D,72.63140758,25.42532301,38.43670033,image,5,Medium,#d7bd96,31.3,27.27,29.1,13,44.7,"[{""mst"": 5, ""label"": ""Medium"", ""score_pct"": 31.3}, {""mst"": 4, ""label"": ""Light Medium"", ""score_pct"": 22.7}, {""mst"": 6, ""label"": ""Medium Tan"", ""score_pct"": 20.8}]",full
Wardah,Wardah Colorfit Matte Foundation,23W Warm Ivory,78000,D:\Kuliah\Semester 8\Capstone\Images\Wardah Colorfit\23W Warm Ivory.jpg,Warm,Light to medium,warm,light to medium,78000,TRUE,,"(np.int64(242), np.int64(186), np.int64(145))",#F2BA91,79.63820165,14.98398102,28.57825292,image,4,Light Medium,#eadaba,26.4,19.77,18.7,12,44.7,"[{""mst"": 4, ""label"": ""Light Medium"", ""score_pct"": 26.4}, {""mst"": 5, ""label"": ""Medium"", ""score_pct"": 24.6}, {""mst"": 3, ""label"": ""Light"", ""score_pct"": 22.3}]",full
Wardah,Wardah Colorfit Matte Foundation,32N Neutral Beige,78000,D:\Kuliah\Semester 8\Capstone\Images\Wardah Colorfit\32N Neutral Beige.jpg,Neutral,Light to medium,neutral,light to medium,78000,TRUE,,"(np.int64(225), np.int64(163), np.int64(131))",#E1A383,72.12397498,19.00867608,25.68807972,image,4,Light Medium,#eadaba,23.5,25.41,13,10,44.7,"[{""mst"": 4, ""label"": ""Light Medium"", ""score_pct"": 23.5}, {""mst"": 5, ""label"": ""Medium"", ""score_pct"": 21.1}, {""mst"": 3, ""label"": ""Light"", ""score_pct"": 20.8}]",full
Luxcrime,Luxcrime Radiant Silk Foundation Spf 50 Pa+++,N00,179000,D:\Kuliah\Semester 8\Capstone\Images\Luxcrime\C01.jpg,Neutral,Light,neutral,light,179000,TRUE,,"(np.int64(234), np.int64(208), np.int64(184))",#EAD0B8,85.03042835,5.353083025,15.2428043,image,3,Light,#f7ead0,26.9,9.61,20.5,10,44.7,"[{""mst"": 3, ""label"": ""Light"", ""score_pct"": 26.9}, {""mst"": 2, ""label"": ""Fair"", ""score_pct"": 25.1}, {""mst"": 4, ""label"": ""Light Medium"", ""score_pct"": 18.2}]",full
Luxcrime,Luxcrime Radiant Silk Foundation Spf 50 Pa+++,C01,179000,D:\Kuliah\Semester 8\Capstone\Images\Luxcrime\N00.jpg,Cool,Light,cool,light,179000,TRUE,,"(np.int64(232), np.int64(210), np.int64(186))",#E8D2BA,85.40071634,3.866937646,14.68359539,image,2,Fair,#f3e7db,28.1,10.25,22.6,11.5,44.7,"[{""mst"": 2, ""label"": ""Fair"", ""score_pct"": 28.1}, {""mst"": 3, ""label"": ""Light"", ""score_pct"": 27.2}, {""mst"": 4, ""label"": ""Light Medium"", ""score_pct"": 15.2}]",full
Luxcrime,Luxcrime Radiant Silk Foundation Spf 50 Pa+++,N01,179000,D:\Kuliah\Semester 8\Capstone\Images\Luxcrime\C01.jpg,Neutral,Light to medium,neutral,light to medium,179000,TRUE,,"(np.int64(234), np.int64(208), np.int64(184))",#EAD0B8,85.03042835,5.353083025,15.2428043,image,4,Light Medium,#eadaba,32,6.06,31.9,10,44.7,"[{""mst"": 4, ""label"": ""Light Medium"", ""score_pct"": 32.0}, {""mst"": 3, ""label"": ""Light"", ""score_pct"": 26.8}, {""mst"": 5, ""label"": ""Medium"", ""score_pct"": 11.8}]",full
Luxcrime,Luxcrime Radiant Silk Foundation Spf 50 Pa+++,W01,179000,D:\Kuliah\Semester 8\Capstone\Images\Luxcrime\N01.jpg,Warm,Light to medium,warm,light to medium,179000,TRUE,,"(np.int64(229), np.int64(200), np.int64(168))",#E5C8A8,82.26882206,5.429460014,19.78633055,image,4,Light Medium,#eadaba,29.4,7.55,25.2,12,44.7,"[{""mst"": 4, ""label"": ""Light Medium"", ""score_pct"": 29.4}, {""mst"": 5, ""label"": ""Medium"", ""score_pct"": 24.9}, {""mst"": 3, ""label"": ""Light"", ""score_pct"": 23.3}]",full
Luxcrime,Luxcrime Radiant Silk Foundation Spf 50 Pa+++,N02,179000,D:\Kuliah\Semester 8\Capstone\Images\Luxcrime\W01.jpg,Neutral,Medium,neutral,medium,179000,TRUE,,"(np.int64(224), np.int64(193), np.int64(149))",#E0C195,79.70443851,4.731945427,26.25699477,image,5,Medium,#d7bd96,43.6,3.81,57.7,10,44.7,"[{""mst"": 5, ""label"": ""Medium"", ""score_pct"": 43.6}, {""mst"": 4, ""label"": ""Light Medium"", ""score_pct"": 26.6}, {""mst"": 3, ""label"": ""Light"", ""score_pct"": 8.0}]",full
Luxcrime,Luxcrime Radiant Silk Foundation Spf 50 Pa+++,W02,179000,D:\Kuliah\Semester 8\Capstone\Images\Luxcrime\N02.jpg,Warm,Medium,warm,medium,179000,TRUE,,"(np.int64(205), np.int64(178), np.int64(151))",#CDB297,74.22550162,5.594051696,17.40148231,image,5,Medium,#d7bd96,43.2,7.14,55.5,13,44.7,"[{""mst"": 5, ""label"": ""Medium"", ""score_pct"": 43.2}, {""mst"": 4, ""label"": ""Light Medium"", ""score_pct"": 25.4}, {""mst"": 6, ""label"": ""Medium Tan"", ""score_pct"": 7.6}]",full
Luxcrime,Luxcrime Radiant Silk Foundation Spf 50 Pa+++,N03,179000,D:\Kuliah\Semester 8\Capstone\Images\Luxcrime\W02.jpg,Neutral,Medium,neutral,medium,179000,TRUE,,"(np.int64(219), np.int64(173), np.int64(111))",#DBAD6F,73.60893179,9.220593026,38.11542168,image,5,Medium,#d7bd96,38.4,16.6,46.1,10,44.7,"[{""mst"": 5, ""label"": ""Medium"", ""score_pct"": 38.4}, {""mst"": 4, ""label"": ""Light Medium"", ""score_pct"": 23.9}, {""mst"": 6, ""label"": ""Medium Tan"", ""score_pct"": 13.7}]",full
Omg,Omg Oh My Glam Coverlast Liquid Foundation,10N Porcelain,69500,D:\Kuliah\Semester 8\Capstone\Images\OMG\10N Porcelain.jpg,Neutral,Fair,neutral,fair,69500,TRUE,,"(np.int64(244), np.int64(202), np.int64(178))",#F4CAB2,84.32435296,11.36797616,17.55647422,image,1,Porcelain,#f6ede4,29,18.49,11.1,10,63,"[{""mst"": 1, ""label"": ""Porcelain"", ""score_pct"": 29.0}, {""mst"": 2, ""label"": ""Fair"", ""score_pct"": 20.6}, {""mst"": 4, ""label"": ""Light Medium"", ""score_pct"": 14.1}]",full
Omg,Omg Oh My Glam Coverlast Liquid Foundation,20N Vanilla,69500,D:\Kuliah\Semester 8\Capstone\Images\OMG\20N Vanilla.jpg,Neutral,Light,neutral,light,69500,TRUE,,"(np.int64(240), np.int64(191), np.int64(155))",#F0BF9B,80.82572891,12.71460263,24.85528571,image,3,Light,#f7ead0,23,20.49,12,10,44.7,"[{""mst"": 3, ""label"": ""Light"", ""score_pct"": 23.0}, {""mst"": 5, ""label"": ""Medium"", ""score_pct"": 22.4}, {""mst"": 2, ""label"": ""Fair"", ""score_pct"": 21.3}]",full
Omg,Omg Oh My Glam Coverlast Liquid Foundation,32N Natural,69500,D:\Kuliah\Semester 8\Capstone\Images\OMG\32N Natural.jpg,Neutral,Medium,neutral,medium,69500,TRUE,,"(np.int64(248), np.int64(188), np.int64(160))",#F8BCA0,80.99636718,17.95756874,22.56253084,image,5,Medium,#d7bd96,34.5,14.82,37.5,10,44.7,"[{""mst"": 5, ""label"": ""Medium"", ""score_pct"": 34.5}, {""mst"": 4, ""label"": ""Light Medium"", ""score_pct"": 27.3}, {""mst"": 3, ""label"": ""Light"", ""score_pct"": 9.9}]",full
Omg,Omg Oh My Glam Coverlast Liquid Foundation,50N Creme,69500,D:\Kuliah\Semester 8\Capstone\Images\OMG\50N Creme.jpg,Neutral,Tan,neutral,tan,69500,TRUE,,"(np.int64(223), np.int64(142), np.int64(101))",#DF8E65,66.5025891,26.59599528,34.51615049,image,6,Medium Tan,#a07850,38.8,21.67,47.1,10,44.7,"[{""mst"": 6, ""label"": ""Medium Tan"", ""score_pct"": 38.8}, {""mst"": 7, ""label"": ""Tan"", ""score_pct"": 24.0}, {""mst"": 5, ""label"": ""Medium"", ""score_pct"": 13.3}]",full
Omg,Omg Oh My Glam Coverlast Liquid Foundation,21W Light,69500,D:\Kuliah\Semester 8\Capstone\Images\OMG\21W Light.jpg,Warm,Light,warm,light,69500,TRUE,,"(np.int64(237), np.int64(198), np.int64(165))",#EDC6A5,82.43885769,9.119062262,21.72244953,image,3,Light,#f7ead0,23.4,15.78,13,9.8,44.7,"[{""mst"": 3, ""label"": ""Light"", ""score_pct"": 23.4}, {""mst"": 5, ""label"": ""Medium"", ""score_pct"": 22.6}, {""mst"": 2, ""label"": ""Fair"", ""score_pct"": 21.1}]",full
Omg,Omg Oh My Glam Coverlast Liquid Foundation,31W Beige,69500,D:\Kuliah\Semester 8\Capstone\Images\OMG\31W Beige.jpg,Warm,Medium,warm,medium,69500,TRUE,,"(np.int64(242), np.int64(186), np.int64(148))",#F2BA94,79.69149734,15.31642615,27.06235458,image,5,Medium,#d7bd96,38.2,12.6,44.4,13,44.7,"[{""mst"": 5, ""label"": ""Medium"", ""score_pct"": 38.2}, {""mst"": 4, ""label"": ""Light Medium"", ""score_pct"": 26.5}, {""mst"": 6, ""label"": ""Medium Tan"", ""score_pct"": 9.2}]",full
Omg,Omg Oh My Glam Coverlast Liquid Foundation,41W Sand,69500,D:\Kuliah\Semester 8\Capstone\Images\OMG\41W Sand.jpg,Warm,Medium to tan,warm,medium to tan,69500,TRUE,,"(np.int64(254), np.int64(172), np.int64(125))",#FEAC7D,77.31747641,25.08522729,36.30455965,image,5,Medium,#d7bd96,33.8,25.31,34.5,13,44.7,"[{""mst"": 5, ""label"": ""Medium"", ""score_pct"": 33.8}, {""mst"": 6, ""label"": ""Medium Tan"", ""score_pct"": 29.6}, {""mst"": 4, ""label"": ""Light Medium"", ""score_pct"": 10.6}]",full
Mop,Mop So X-Tra! Hybrid Matte Foundation Peptides Infused Spf 40 Pa++,W00 Chiffon,199000,D:\Kuliah\Semester 8\Capstone\Images\MOP\C10 Pearl.jpg,Warm,Fair,warm,fair,199000,TRUE,,"(np.int64(226), np.int64(196), np.int64(179))",#E2C4B3,81.23938972,7.964256544,12.44894727,image,1,Porcelain,#f6ede4,28.1,16.1,10,7.6,63,"[{""mst"": 1, ""label"": ""Porcelain"", ""score_pct"": 28.1}, {""mst"": 2, ""label"": ""Fair"", ""score_pct"": 19.8}, {""mst"": 5, ""label"": ""Medium"", ""score_pct"": 16.7}]",full
Mop,Mop So X-Tra! Hybrid Matte Foundation Peptides Infused Spf 40 Pa++,N10 Lace,199000,D:\Kuliah\Semester 8\Capstone\Images\MOP\N10 Lace.jpg,Neutral,Light,neutral,light,199000,TRUE,,"(np.int64(221), np.int64(192), np.int64(169))",#DDC0A9,79.57840248,6.764980532,15.39522767,image,3,Light,#f7ead0,24.2,15.06,14.6,10,44.7,"[{""mst"": 3, ""label"": ""Light"", ""score_pct"": 24.2}, {""mst"": 2, ""label"": ""Fair"", ""score_pct"": 23.6}, {""mst"": 5, ""label"": ""Medium"", ""score_pct"": 16.8}]",full
Mop,Mop So X-Tra! Hybrid Matte Foundation Peptides Infused Spf 40 Pa++,C10 Pearl,199000,D:\Kuliah\Semester 8\Capstone\Images\MOP\C10 Pearl.jpg,Cool,Light,cool,light,199000,TRUE,,"(np.int64(226), np.int64(196), np.int64(179))",#E2C4B3,81.23938972,7.964256544,12.44894727,image,2,Fair,#f3e7db,27.8,13.54,22,11.5,44.7,"[{""mst"": 2, ""label"": ""Fair"", ""score_pct"": 27.8}, {""mst"": 3, ""label"": ""Light"", ""score_pct"": 25.5}, {""mst"": 4, ""label"": ""Light Medium"", ""score_pct"": 13.7}]",full
Mop,Mop So X-Tra! Hybrid Matte Foundation Peptides Infused Spf 40 Pa++,W11 Shell,199000,D:\Kuliah\Semester 8\Capstone\Images\MOP\W11 Shell.jpg,Warm,Light,warm,light,199000,TRUE,,"(np.int64(225), np.int64(181), np.int64(157))",#E1B59D,76.97612582,12.48947057,18.26584486,image,5,Medium,#d7bd96,23,10.29,45.3,13,0,"[{""mst"": 5, ""label"": ""Medium"", ""score_pct"": 23.0}, {""mst"": 3, ""label"": ""Light"", ""score_pct"": 22.2}, {""mst"": 2, ""label"": ""Fair"", ""score_pct"": 21.1}]",full
Mop,Mop So X-Tra! Hybrid Matte Foundation Peptides Infused Spf 40 Pa++,C20 Sand,199000,D:\Kuliah\Semester 8\Capstone\Images\MOP\C20 Sand.jpg,Cool,Medium,cool,medium,199000,TRUE,,"(np.int64(227), np.int64(182), np.int64(165))",#E3B6A5,77.58231891,13.78444641,14.8257404,image,5,Medium,#d7bd96,30,13.25,27.8,9.4,44.7,"[{""mst"": 5, ""label"": ""Medium"", ""score_pct"": 30.0}, {""mst"": 4, ""label"": ""Light Medium"", ""score_pct"": 26.6}, {""mst"": 3, ""label"": ""Light"", ""score_pct"": 10.4}]",full
Mop,Mop So X-Tra! Hybrid Matte Foundation Peptides Infused Spf 40 Pa++,N21 Eclair,199000,D:\Kuliah\Semester 8\Capstone\Images\MOP\N21 Eclair.jpg,Neutral,Medium,neutral,medium,199000,TRUE,,"(np.int64(221), np.int64(180), np.int64(155))",#DDB49B,76.30406329,11.22540567,18.35278421,image,5,Medium,#d7bd96,37.4,9.25,44,10,44.7,"[{""mst"": 5, ""label"": ""Medium"", ""score_pct"": 37.4}, {""mst"": 4, ""label"": ""Light Medium"", ""score_pct"": 26.6}, {""mst"": 3, ""label"": ""Light"", ""score_pct"": 8.7}]",full
Mop,Mop So X-Tra! Hybrid Matte Foundation Peptides Infused Spf 40 Pa++,W21 Latte,199000,D:\Kuliah\Semester 8\Capstone\Images\MOP\W21 Latte.jpg,Warm,Medium,warm,medium,199000,TRUE,,"(np.int64(217), np.int64(160), np.int64(116))",#D9A074,70.28595992,15.86132319,31.18415757,image,5,Medium,#d7bd96,33.4,16.62,33.8,13,44.7,"[{""mst"": 5, ""label"": ""Medium"", ""score_pct"": 33.4}, {""mst"": 4, ""label"": ""Light Medium"", ""score_pct"": 22.5}, {""mst"": 6, ""label"": ""Medium Tan"", ""score_pct"": 20.5}]",full
Mop,Mop So X-Tra! Hybrid Matte Foundation Peptides Infused Spf 40 Pa++,W23 Desert,199000,D:\Kuliah\Semester 8\Capstone\Images\MOP\W23 Desert.jpg,Neutral,Medium,neutral,medium,199000,TRUE,,"(np.int64(222), np.int64(171), np.int64(136))",#DEAB88,73.82741736,14.09141463,25.22503464,image,5,Medium,#d7bd96,39,11.56,47.6,10,44.7,"[{""mst"": 5, ""label"": ""Medium"", ""score_pct"": 39.0}, {""mst"": 4, ""label"": ""Light Medium"", ""score_pct"": 24.4}, {""mst"": 6, ""label"": ""Medium Tan"", ""score_pct"": 10.6}]",full
Mop,Mop So X-Tra! Hybrid Matte Foundation Peptides Infused Spf 40 Pa++,N31 Pecan,199000,D:\Kuliah\Semester 8\Capstone\Images\MOP\N31 Pecan.jpg,Neutral,Tan,neutral,tan,199000,TRUE,,"(np.int64(206), np.int64(159), np.int64(136))",#CE9F88,69.25381105,14.25832629,18.72459696,image,6,Medium Tan,#a07850,27.6,18.65,22.1,10,44.7,"[{""mst"": 6, ""label"": ""Medium Tan"", ""score_pct"": 27.6}, {""mst"": 7, ""label"": ""Tan"", ""score_pct"": 21.2}, {""mst"": 5, ""label"": ""Medium"", ""score_pct"": 20.5}]",full
Jacquelle,Jacquelle Blur Effect Foundation,N1 Shell,179000,D:\Kuliah\Semester 8\Capstone\Images\Jacquelle\N1 Shell.jpg,Neutral,Light,neutral,light,179000,TRUE,,"(np.int64(242), np.int64(211), np.int64(180))",#F2D3B4,86.3867271,6.198645559,19.35047113,image,3,Light,#f7ead0,26.7,10.35,20.2,10,44.7,"[{""mst"": 3, ""label"": ""Light"", ""score_pct"": 26.7}, {""mst"": 2, ""label"": ""Fair"", ""score_pct"": 23.4}, {""mst"": 4, ""label"": ""Light Medium"", ""score_pct"": 19.4}]",full
Jacquelle,Jacquelle Blur Effect Foundation,N2 Vanilla,179000,D:\Kuliah\Semester 8\Capstone\Images\Jacquelle\N2 Vanilla.jpg,Neutral,Medium,neutral,medium,179000,TRUE,,"(np.int64(225), np.int64(179), np.int64(130))",#E1B382,75.98466822,10.35067441,31.34987275,image,5,Medium,#d7bd96,41.5,10.88,53,10,44.7,"[{""mst"": 5, ""label"": ""Medium"", ""score_pct"": 41.5}, {""mst"": 4, ""label"": ""Light Medium"", ""score_pct"": 24.9}, {""mst"": 6, ""label"": ""Medium Tan"", ""score_pct"": 9.3}]",full
Jacquelle,Jacquelle Blur Effect Foundation,O2 Sand,179000,D:\Kuliah\Semester 8\Capstone\Images\Jacquelle\O2 Sand.jpg,Neutral,Medium,neutral,medium,179000,TRUE,,"(np.int64(210), np.int64(181), np.int64(141))",#D2B58D,75.24829993,4.61259694,24.26483065,image,5,Medium,#d7bd96,46.1,3.1,63.2,10,44.7,"[{""mst"": 5, ""label"": ""Medium"", ""score_pct"": 46.1}, {""mst"": 4, ""label"": ""Light Medium"", ""score_pct"": 24.4}, {""mst"": 3, ""label"": ""Light"", ""score_pct"": 6.9}]",full
Jacquelle,Jacquelle Blur Effect Foundation,W1 Golden,179000,D:\Kuliah\Semester 8\Capstone\Images\Jacquelle\W1 Golden.jpg,Warm,Medium,warm,medium,179000,TRUE,,"(np.int64(228), np.int64(175), np.int64(135))",#E4AF87,75.39295894,14.21422635,27.9667071,image,5,Medium,#d7bd96,38.5,12.04,45.1,13,44.7,"[{""mst"": 5, ""label"": ""Medium"", ""score_pct"": 38.5}, {""mst"": 4, ""label"": ""Light Medium"", ""score_pct"": 24.8}, {""mst"": 6, ""label"": ""Medium Tan"", ""score_pct"": 12.4}]",full
Dazzle Me,Dazzle Me Cover Me Serum Foundation Spf35 Pa+++,C02 Light Pearl,70900,D:\Kuliah\Semester 8\Capstone\Images\Dazzle Me\C02 Light Pearl.jpg,Cool,Light,cool,light,70900,TRUE,,"(np.int64(240), np.int64(198), np.int64(163))",#F0C6A3,82.67917928,10.0106968,23.15430272,image,3,Light,#f7ead0,24.8,16.86,15.2,11.5,44.7,"[{""mst"": 3, ""label"": ""Light"", ""score_pct"": 24.8}, {""mst"": 2, ""label"": ""Fair"", ""score_pct"": 23.3}, {""mst"": 5, ""label"": ""Medium"", ""score_pct"": 17.7}]",full
Dazzle Me,Dazzle Me Cover Me Serum Foundation Spf35 Pa+++,C03 Cool Vanilla,70900,D:\Kuliah\Semester 8\Capstone\Images\Dazzle Me\C03 Cool Vanilla.jpg,Cool,Medium,cool,medium,70900,TRUE,,"(np.int64(251), np.int64(208), np.int64(174))",#FBD0AE,86.34533614,10.3469374,22.56633372,image,4,Light Medium,#eadaba,29.6,11.06,26.4,10.4,44.7,"[{""mst"": 4, ""label"": ""Light Medium"", ""score_pct"": 29.6}, {""mst"": 5, ""label"": ""Medium"", ""score_pct"": 29.3}, {""mst"": 3, ""label"": ""Light"", ""score_pct"": 12.7}]",full
Dazzle Me,Dazzle Me Cover Me Serum Foundation Spf35 Pa+++,N03 Nude Beige,70900,D:\Kuliah\Semester 8\Capstone\Images\Dazzle Me\N03 Nude Beige.jpg,Neutral,Medium,neutral,medium,70900,TRUE,,"(np.int64(231), np.int64(193), np.int64(147))",#E7C193,80.31331329,7.222840602,28.24151193,image,5,Medium,#d7bd96,41.9,6.77,53.9,10,44.7,"[{""mst"": 5, ""label"": ""Medium"", ""score_pct"": 41.9}, {""mst"": 4, ""label"": ""Light Medium"", ""score_pct"": 26.9}, {""mst"": 3, ""label"": ""Light"", ""score_pct"": 8.4}]",full
Dazzle Me,Dazzle Me Cover Me Serum Foundation Spf35 Pa+++,N04 Medium Buff,70900,D:\Kuliah\Semester 8\Capstone\Images\Dazzle Me\N04 Medium Buff.jpg,Warm,Dark,warm,dark,70900,TRUE,,"(np.int64(227), np.int64(184), np.int64(142))",#E3B88E,77.6189881,9.823922555,27.20265838,image,5,Medium,#d7bd96,25.7,7.54,51.4,13,0,"[{""mst"": 5, ""label"": ""Medium"", ""score_pct"": 25.7}, {""mst"": 9, ""label"": ""Very Deep"", ""score_pct"": 14.2}, {""mst"": 8, ""label"": ""Deep"", ""score_pct"": 13.4}]",full
Make Over,Make Over Powerstay 24H Weightless Liquid Foundation,N10 Marble,201000,D:\Kuliah\Semester 8\Capstone\Images\Make Over\C21 Pink Ivory.jpg,Neutral,Fair,neutral,fair,201000,TRUE,,"(np.int64(243), np.int64(187), np.int64(162))",#F3BBA2,80.29600785,16.81899087,20.45286089,image,1,Porcelain,#f6ede4,27.9,25.57,8.5,10,63,"[{""mst"": 1, ""label"": ""Porcelain"", ""score_pct"": 27.9}, {""mst"": 2, ""label"": ""Fair"", ""score_pct"": 18.9}, {""mst"": 5, ""label"": ""Medium"", ""score_pct"": 18.6}]",full
Make Over,Make Over Powerstay 24H Weightless Liquid Foundation,W12 Warm Marble,201000,D:\Kuliah\Semester 8\Capstone\Images\Make Over\W12 Warm Marble.jpg,Warm,Fair,warm,fair,201000,TRUE,,"(np.int64(239), np.int64(213), np.int64(178))",#EFD5B2,86.58107252,3.771050505,20.62943024,image,1,Porcelain,#f6ede4,26.7,17.15,7,7.6,63,"[{""mst"": 1, ""label"": ""Porcelain"", ""score_pct"": 26.7}, {""mst"": 2, ""label"": ""Fair"", ""score_pct"": 17.7}, {""mst"": 4, ""label"": ""Light Medium"", ""score_pct"": 17.0}]",full
Make Over,Make Over Powerstay 24H Weightless Liquid Foundation,W21 Coral Ivory,201000,D:\Kuliah\Semester 8\Capstone\Images\Make Over\W21 Coral Ivory.jpg,Warm,Light,warm,light,201000,TRUE,,"(np.int64(236), np.int64(197), np.int64(165))",#ECC5A5,82.10085285,9.263235737,21.2421169,image,3,Light,#f7ead0,23.3,15.87,12.8,9.8,44.7,"[{""mst"": 3, ""label"": ""Light"", ""score_pct"": 23.3}, {""mst"": 5, ""label"": ""Medium"", ""score_pct"": 22.7}, {""mst"": 2, ""label"": ""Fair"", ""score_pct"": 21.1}]",full
Make Over,Make Over Powerstay 24H Weightless Liquid Foundation,W22 Warm Ivory,201000,D:\Kuliah\Semester 8\Capstone\Images\Make Over\W22 Warm Ivory.jpg,Warm,Light,warm,light,201000,TRUE,,"(np.int64(234), np.int64(193), np.int64(146))",#EAC192,80.57756541,8.280802394,29.17022377,image,5,Medium,#d7bd96,25,8.16,49.7,13,0,"[{""mst"": 5, ""label"": ""Medium"", ""score_pct"": 25.0}, {""mst"": 3, ""label"": ""Light"", ""score_pct"": 22.3}, {""mst"": 2, ""label"": ""Fair"", ""score_pct"": 20.0}]",full
Make Over,Make Over Powerstay 24H Weightless Liquid Foundation,N20 Ivory,201000,D:\Kuliah\Semester 8\Capstone\Images\Make Over\N20 Ivory.jpg,Neutral,Light,neutral,light,201000,TRUE,,"(np.int64(233), np.int64(187), np.int64(159))",#E9BB9F,79.25403573,12.62479594,20.46425318,image,3,Light,#f7ead0,23.1,19.61,12.2,10,44.7,"[{""mst"": 3, ""label"": ""Light"", ""score_pct"": 23.1}, {""mst"": 2, ""label"": ""Fair"", ""score_pct"": 22.1}, {""mst"": 5, ""label"": ""Medium"", ""score_pct"": 21.1}]",full
Make Over,Make Over Powerstay 24H Weightless Liquid Foundation,C21 Pink Ivory,201000,D:\Kuliah\Semester 8\Capstone\Images\Make Over\C21 Pink Ivory.jpg,Cool,Light,cool,light,201000,TRUE,,"(np.int64(243), np.int64(187), np.int64(162))",#F3BBA2,80.29600785,16.81899087,20.45286089,image,3,Light,#f7ead0,24.3,21.87,14.2,11.5,44.7,"[{""mst"": 3, ""label"": ""Light"", ""score_pct"": 24.3}, {""mst"": 2, ""label"": ""Fair"", ""score_pct"": 24.2}, {""mst"": 5, ""label"": ""Medium"", ""score_pct"": 16.0}]",full
Make Over,Make Over Powerstay 24H Weightless Liquid Foundation,N30 Natural Beige,201000,D:\Kuliah\Semester 8\Capstone\Images\Make Over\N30 Natural Beige.jpg,Neutral,Light to medium,neutral,light to medium,201000,TRUE,,"(np.int64(232), np.int64(176), np.int64(145))",#E8B091,76.22485396,16.38030283,23.80187054,image,4,Light Medium,#eadaba,25.5,20.46,17.5,10,44.7,"[{""mst"": 4, ""label"": ""Light Medium"", ""score_pct"": 25.5}, {""mst"": 5, ""label"": ""Medium"", ""score_pct"": 23.8}, {""mst"": 3, ""label"": ""Light"", ""score_pct"": 22.0}]",full
Make Over,Make Over Powerstay 24H Weightless Liquid Foundation,W30 Creme Beige,201000,D:\Kuliah\Semester 8\Capstone\Images\Make Over\W30 Creme Beige.jpg,Warm,Light to medium,warm,light to medium,201000,TRUE,,"(np.int64(224), np.int64(173), np.int64(132))",#E0AD84,74.44699193,13.36618197,28.23587742,image,5,Medium,#d7bd96,24.8,11.65,45.2,13,5.3,"[{""mst"": 5, ""label"": ""Medium"", ""score_pct"": 24.8}, {""mst"": 4, ""label"": ""Light Medium"", ""score_pct"": 24.4}, {""mst"": 3, ""label"": ""Light"", ""score_pct"": 20.8}]",full
Make Over,Make Over Powerstay 24H Weightless Liquid Foundation,W32 Warm Beige,201000,D:\Kuliah\Semester 8\Capstone\Images\Make Over\W32 Warm Beige.jpg,Warm,Light to medium,warm,light to medium,201000,TRUE,,"(np.int64(232), np.int64(186), np.int64(136))",#E8BA88,78.49332158,10.07091776,31.62030568,image,5,Medium,#d7bd96,26.4,10.76,48.7,13,5.3,"[{""mst"": 5, ""label"": ""Medium"", ""score_pct"": 26.4}, {""mst"": 4, ""label"": ""Light Medium"", ""score_pct"": 26.1}, {""mst"": 3, ""label"": ""Light"", ""score_pct"": 21.7}]",full
Make Over,Make Over Powerstay 24H Weightless Liquid Foundation,W33 Honey Beige,201000,D:\Kuliah\Semester 8\Capstone\Images\Make Over\W33 Honey Beige.jpg,Warm,Light to medium,warm,light to medium,201000,TRUE,,"(np.int64(232), np.int64(180), np.int64(137))",#E8B489,77.04560317,13.35541783,29.17614757,image,5,Medium,#d7bd96,25.4,11.61,46.6,13,5.3,"[{""mst"": 5, ""label"": ""Medium"", ""score_pct"": 25.4}, {""mst"": 4, ""label"": ""Light Medium"", ""score_pct"": 25.4}, {""mst"": 3, ""label"": ""Light"", ""score_pct"": 21.5}]",full
Make Over,Make Over Powerstay 24H Weightless Liquid Foundation,C31 Pink Beige,201000,D:\Kuliah\Semester 8\Capstone\Images\Make Over\C31 Pink Beige.jpg,Cool,Light to medium,cool,light to medium,201000,TRUE,,"(np.int64(228), np.int64(169), np.int64(134))",#E4A986,73.92953291,17.30737717,26.54590811,image,4,Light Medium,#eadaba,24.4,23.39,14.8,10.4,44.7,"[{""mst"": 4, ""label"": ""Light Medium"", ""score_pct"": 24.4}, {""mst"": 3, ""label"": ""Light"", ""score_pct"": 21.7}, {""mst"": 5, ""label"": ""Medium"", ""score_pct"": 20.7}]",full
Make Over,Make Over Powerstay 24H Weightless Liquid Foundation,C41 Cool Sand,201000,D:\Kuliah\Semester 8\Capstone\Images\Make Over\C41 Cool Sand.jpg,Cool,Medium,cool,medium,201000,TRUE,,"(np.int64(209), np.int64(146), np.int64(112))",#D19270,65.9705785,19.80379368,27.53451288,image,5,Medium,#d7bd96,27.5,20.7,22.1,9.4,44.7,"[{""mst"": 5, ""label"": ""Medium"", ""score_pct"": 27.5}, {""mst"": 6, ""label"": ""Medium Tan"", ""score_pct"": 22.5}, {""mst"": 4, ""label"": ""Light Medium"", ""score_pct"": 20.9}]",full
Make Over,Make Over Powerstay 24H Weightless Liquid Foundation,N40 Sand,201000,D:\Kuliah\Semester 8\Capstone\Images\Make Over\N40 Sand.jpg,Neutral,Medium,neutral,medium,201000,TRUE,,"(np.int64(218), np.int64(160), np.int64(128))",#DAA080,70.60012373,17.52073162,25.13986376,image,5,Medium,#d7bd96,34.5,15.96,37.5,10,44.7,"[{""mst"": 5, ""label"": ""Medium"", ""score_pct"": 34.5}, {""mst"": 4, ""label"": ""Light Medium"", ""score_pct"": 23.0}, {""mst"": 6, ""label"": ""Medium Tan"", ""score_pct"": 15.9}]",full
Make Over,Make Over Powerstay 24H Weightless Liquid Foundation,W41 Coral Sand,201000,D:\Kuliah\Semester 8\Capstone\Images\Make Over\W41 Coral Sand.jpg,Warm,Medium,warm,medium,201000,TRUE,,"(np.int64(216), np.int64(165), np.int64(125))",#D8A57D,71.54994798,13.69954787,27.99279101,image,5,Medium,#d7bd96,36.3,12.98,40.2,13,44.7,"[{""mst"": 5, ""label"": ""Medium"", ""score_pct"": 36.3}, {""mst"": 4, ""label"": ""Light Medium"", ""score_pct"": 23.3}, {""mst"": 6, ""label"": ""Medium Tan"", ""score_pct"": 16.9}]",full
Make Over,Make Over Powerstay 24H Weightless Liquid Foundation,W42 Warm Sand,201000,D:\Kuliah\Semester 8\Capstone\Images\Make Over\W42 Warm Sand.jpg,Warm,Medium,warm,medium,201000,TRUE,,"(np.int64(213), np.int64(161), np.int64(110))",#D5A16E,70.01059383,13.10609192,33.94339878,image,5,Medium,#d7bd96,33.7,16.48,34.4,13,44.7,"[{""mst"": 5, ""label"": ""Medium"", ""score_pct"": 33.7}, {""mst"": 4, ""label"": ""Light Medium"", ""score_pct"": 22.4}, {""mst"": 6, ""label"": ""Medium Tan"", ""score_pct"": 20.9}]",full
Make Over,Make Over Powerstay 24H Weightless Liquid Foundation,N50 Tan,201000,D:\Kuliah\Semester 8\Capstone\Images\Make Over\N50 Tan.jpg,Neutral,Medium to tan,neutral,medium to tan,201000,TRUE,,"(np.int64(189), np.int64(139), np.int64(113))",#BD8B71,62.06480334,15.64546117,21.37593615,image,6,Medium Tan,#a07850,39.3,11.95,48.2,10,44.7,"[{""mst"": 6, ""label"": ""Medium Tan"", ""score_pct"": 39.3}, {""mst"": 5, ""label"": ""Medium"", ""score_pct"": 25.5}, {""mst"": 7, ""label"": ""Tan"", ""score_pct"": 11.9}]",full
Make Over,Make Over Powerstay 24H Weightless Liquid Foundation,C51 Cool Tan,201000,D:\Kuliah\Semester 8\Capstone\Images\Make Over\C51 Cool Tan.jpg,Cool,Medium to tan,cool,medium to tan,201000,TRUE,,"(np.int64(179), np.int64(129), np.int64(112))",#B38170,58.46727432,17.03754975,16.85646137,image,6,Medium Tan,#a07850,33.9,13.78,36.8,8.3,44.7,"[{""mst"": 6, ""label"": ""Medium Tan"", ""score_pct"": 33.9}, {""mst"": 5, ""label"": ""Medium"", ""score_pct"": 22.4}, {""mst"": 7, ""label"": ""Tan"", ""score_pct"": 17.4}]",full
Make Over,Make Over Powerstay 24H Weightless Liquid Foundation,W50 Creme Tan,201000,D:\Kuliah\Semester 8\Capstone\Images\Make Over\W50 Creme Tan.jpg,Warm,Medium to tan,warm,medium to tan,201000,TRUE,,"(np.int64(185), np.int64(136), np.int64(103))",#B98867,60.69673873,14.54743353,25.04893519,image,6,Medium Tan,#a07850,45.9,8.74,62,12,44.7,"[{""mst"": 6, ""label"": ""Medium Tan"", ""score_pct"": 45.9}, {""mst"": 5, ""label"": ""Medium"", ""score_pct"": 23.8}, {""mst"": 7, ""label"": ""Tan"", ""score_pct"": 11.0}]",full
Make Over,Make Over Powerstay 24H Weightless Liquid Foundation,W60 Creme Cocoa,201000,D:\Kuliah\Semester 8\Capstone\Images\Make Over\W60 Creme Cocoa.jpg,Warm,Dark,warm,dark,201000,TRUE,,"(np.int64(153), np.int64(107), np.int64(80))",#996B50,49.33598675,14.99581404,22.43986298,image,6,Medium Tan,#a07850,24.9,8.2,50.1,12,0,"[{""mst"": 6, ""label"": ""Medium Tan"", ""score_pct"": 24.9}, {""mst"": 7, ""label"": ""Tan"", ""score_pct"": 20.2}, {""mst"": 8, ""label"": ""Deep"", ""score_pct"": 16.5}]",full
Make Over,Make Over Powerstay 24H Weightless Liquid Foundation,C62 Rich Cocoa,201000,D:\Kuliah\Semester 8\Capstone\Images\Make Over\C62 Rich Cocoa.jpg,Cool,Dark,cool,dark,201000,TRUE,,"(np.int64(149), np.int64(105), np.int64(86))",#956956,48.46836565,15.11909479,17.70163256,image,7,Tan,#825c43,25.6,7.2,50.2,8.3,3.9,"[{""mst"": 7, ""label"": ""Tan"", ""score_pct"": 25.6}, {""mst"": 8, ""label"": ""Deep"", ""score_pct"": 20.5}, {""mst"": 9, ""label"": ""Very Deep"", ""score_pct"": 15.6}]",full
Maybelline,Fit Me Matte + Poreless,102,165900,/content/drive/MyDrive/Capstone/foundation data/Maybelline Fit Me Mate Poreless Foundation/102.png,Neutral,Fair,neutral,light,165900,TRUE,,"(255, 234, 227)",#FFEAE3,94.16,5.98,5.98,html_hex,2,Fair,#f3e7db,32.2,4.55,34.8,10,44.7,"[{""mst"": 2, ""label"": ""Fair"", ""score_pct"": 32.2}, {""mst"": 3, ""label"": ""Light"", ""score_pct"": 22.7}, {""mst"": 1, ""label"": ""Porcelain"", ""score_pct"": 22.5}]",full
Maybelline,Fit Me Matte + Poreless,105,165900,/content/drive/MyDrive/Capstone/foundation data/Maybelline Fit Me Mate Poreless Foundation/105.png,Cool,Fair,cool,ivory,165900,TRUE,,"(255, 225, 201)",#FFE1C9,91.38,6.67,15.53,html_hex,2,Fair,#f3e7db,18.6,9.48,25.1,12.5,10,"[{""mst"": 2, ""label"": ""Fair"", ""score_pct"": 18.6}, {""mst"": 3, ""label"": ""Light"", ""score_pct"": 18.3}, {""mst"": 4, ""label"": ""Light Medium"", ""score_pct"": 16.1}]",full
Maybelline,Fit Me Matte + Poreless,110,165900,/content/drive/MyDrive/Capstone/foundation data/Maybelline Fit Me Mate Poreless Foundation/110.png,Warm,Light,warm,light,165900,TRUE,,"(255, 236, 217)",#FFECD9,94.42,3.4,11.54,html_hex,3,Light,#f7ead0,31.3,4.37,33,13,44.7,"[{""mst"": 3, ""label"": ""Light"", ""score_pct"": 31.3}, {""mst"": 2, ""label"": ""Fair"", ""score_pct"": 24.4}, {""mst"": 4, ""label"": ""Light Medium"", ""score_pct"": 15.8}]",full
Maybelline,Fit Me Matte + Poreless,112,165900,/content/drive/MyDrive/Capstone/foundation data/Maybelline Fit Me Mate Poreless Foundation/112.png,Neutral,Light,neutral,"ivory, light",165900,TRUE,,"(255, 222, 201)",#FFDEC9,90.65,8.21,14.5,html_hex,3,Light,#f7ead0,18.8,8.37,26,10,10,"[{""mst"": 3, ""label"": ""Light"", ""score_pct"": 18.8}, {""mst"": 4, ""label"": ""Light Medium"", ""score_pct"": 17.8}, {""mst"": 2, ""label"": ""Fair"", ""score_pct"": 16.7}]",full
Maybelline,Fit Me Matte + Poreless,115,165900,/content/drive/MyDrive/Capstone/foundation data/Maybelline Fit Me Mate Poreless Foundation/115.png,Cool,Fair,cool,"ivory, light",165900,TRUE,,"(243, 215, 199)",#F3D7C7,87.86,7.2,11.45,html_hex,2,Fair,#f3e7db,20.6,7.95,28.8,12.5,10,"[{""mst"": 2, ""label"": ""Fair"", ""score_pct"": 20.6}, {""mst"": 1, ""label"": ""Porcelain"", ""score_pct"": 17.5}, {""mst"": 3, ""label"": ""Light"", ""score_pct"": 15.7}]",full
Maybelline,Fit Me Matte + Poreless,118,165900,/content/drive/MyDrive/Capstone/foundation data/Maybelline Fit Me Mate Poreless Foundation/118.png,Warm,Medium,warm,light,165900,TRUE,,"(235, 197, 172)",#EBC5AC,82.15,9.81,17.58,html_hex,5,Medium,#d7bd96,24,9.44,38.9,13,44.7,"[{""mst"": 5, ""label"": ""Medium"", ""score_pct"": 24.0}, {""mst"": 3, ""label"": ""Light"", ""score_pct"": 20.9}, {""mst"": 2, ""label"": ""Fair"", ""score_pct"": 18.6}]",full
Maybelline,Fit Me Matte + Poreless,120,165900,/content/drive/MyDrive/Capstone/foundation data/Maybelline Fit Me Mate Poreless Foundation/120.png,Neutral,Medium,neutral,"ivory, light",165900,TRUE,,"(232, 196, 166)",#E8C4A6,81.51,8.4,19.83,html_hex,5,Medium,#d7bd96,26.1,6.95,39.2,10,10,"[{""mst"": 5, ""label"": ""Medium"", ""score_pct"": 26.1}, {""mst"": 4, ""label"": ""Light Medium"", ""score_pct"": 18.8}, {""mst"": 3, ""label"": ""Light"", ""score_pct"": 12.1}]",full
Maybelline,Fit Me Matte + Poreless,122,165900,/content/drive/MyDrive/Capstone/foundation data/Maybelline Fit Me Mate Poreless Foundation/122.png,Cool,Medium,cool,"beige, light",165900,TRUE,,"(253, 194, 149)",#FDC295,82.72,15.5,30.79,html_hex,5,Medium,#d7bd96,26,15.05,39.3,12.5,10,"[{""mst"": 5, ""label"": ""Medium"", ""score_pct"": 26.0}, {""mst"": 4, ""label"": ""Light Medium"", ""score_pct"": 16.4}, {""mst"": 3, ""label"": ""Light"", ""score_pct"": 12.2}]",full
Maybelline,Fit Me Matte + Poreless,124,165900,/content/drive/MyDrive/Capstone/foundation data/Maybelline Fit Me Mate Poreless Foundation/124.png,Neutral,Medium,neutral,fair,165900,TRUE,,"(235, 193, 166)",#EBC1A6,81.05,11.12,19.24,html_hex,5,Medium,#d7bd96,22.7,9.14,37.6,10,55,"[{""mst"": 5, ""label"": ""Medium"", ""score_pct"": 22.7}, {""mst"": 1, ""label"": ""Porcelain"", ""score_pct"": 20.2}, {""mst"": 2, ""label"": ""Fair"", ""score_pct"": 18.3}]",full
Maybelline,Fit Me Matte + Poreless,125,165900,/content/drive/MyDrive/Capstone/foundation data/Maybelline Fit Me Mate Poreless Foundation/125.png,Neutral,Medium,neutral,"beige, light",165900,TRUE,,"(233, 191, 154)",#E9BF9A,80.14,9.89,24.33,html_hex,5,Medium,#d7bd96,32,6.9,49.9,10,10,"[{""mst"": 5, ""label"": ""Medium"", ""score_pct"": 32.0}, {""mst"": 4, ""label"": ""Light Medium"", ""score_pct"": 16.2}, {""mst"": 3, ""label"": ""Light"", ""score_pct"": 10.5}]",full
Maybelline,Fit Me Matte + Poreless,128,165900,/content/drive/MyDrive/Capstone/foundation data/Maybelline Fit Me Mate Poreless Foundation/128.png,Warm,Medium,warm,light,165900,TRUE,,"(234, 192, 172)",#EAC0AC,80.83,12.07,15.73,html_hex,5,Medium,#d7bd96,22.9,11.73,36.9,13,44.7,"[{""mst"": 5, ""label"": ""Medium"", ""score_pct"": 22.9}, {""mst"": 3, ""label"": ""Light"", ""score_pct"": 20.8}, {""mst"": 2, ""label"": ""Fair"", ""score_pct"": 19.3}]",full
Maybelline,Fit Me Matte + Poreless,130,165900,/content/drive/MyDrive/Capstone/foundation data/Maybelline Fit Me Mate Poreless Foundation/130.png,Cool,Medium,cool,"beige, light",165900,TRUE,,"(234, 181, 156)",#EAB59C,77.84,15.81,20.14,html_hex,5,Medium,#d7bd96,23,12.7,33.8,12.5,10,"[{""mst"": 5, ""label"": ""Medium"", ""score_pct"": 23.0}, {""mst"": 4, ""label"": ""Light Medium"", ""score_pct"": 15.3}, {""mst"": 3, ""label"": ""Light"", ""score_pct"": 11.7}]",full
Maybelline,Fit Me Matte + Poreless,220,165900,/content/drive/MyDrive/Capstone/foundation data/Maybelline Fit Me Mate Poreless Foundation/220.png,Warm,Medium,warm,"beige, light",165900,TRUE,,"(235, 192, 165)",#EBC0A5,80.78,11.51,19.41,html_hex,5,Medium,#d7bd96,28.8,9.33,43,13,10,"[{""mst"": 5, ""label"": ""Medium"", ""score_pct"": 28.8}, {""mst"": 4, ""label"": ""Light Medium"", ""score_pct"": 17.1}, {""mst"": 3, ""label"": ""Light"", ""score_pct"": 11.4}]",full
Maybelline,Fit Me Matte + Poreless,222,165900,/content/drive/MyDrive/Capstone/foundation data/Maybelline Fit Me Mate Poreless Foundation/222.png,Cool,Medium,cool,"beige, light",165900,TRUE,,"(250, 183, 145)",#FAB791,79.75,19.68,28.87,html_hex,5,Medium,#d7bd96,24.8,17.29,37.1,12.5,10,"[{""mst"": 5, ""label"": ""Medium"", ""score_pct"": 24.8}, {""mst"": 4, ""label"": ""Light Medium"", ""score_pct"": 14.9}, {""mst"": 3, ""label"": ""Light"", ""score_pct"": 11.3}]",full
Maybelline,Fit Me Matte + Poreless,228,165900,/content/drive/MyDrive/Capstone/foundation data/Maybelline Fit Me Mate Poreless Foundation/228.png,Warm,Medium,warm,"medium, tan",165900,TRUE,,"(230, 174, 145)",#E6AE91,75.54,16.67,22.84,html_hex,5,Medium,#d7bd96,28.4,13.41,42.4,13,10,"[{""mst"": 5, ""label"": ""Medium"", ""score_pct"": 28.4}, {""mst"": 6, ""label"": ""Medium Tan"", ""score_pct"": 13.8}, {""mst"": 4, ""label"": ""Light Medium"", ""score_pct"": 13.7}]",full
Maybelline,Fit Me Matte + Poreless,230,165900,/content/drive/MyDrive/Capstone/foundation data/Maybelline Fit Me Mate Poreless Foundation/230.png,Neutral,Medium,neutral,"medium, beige",165900,TRUE,,"(237, 184, 157)",#EDB89D,78.88,15.5,21.08,html_hex,5,Medium,#d7bd96,26.9,12.24,40.8,10,10,"[{""mst"": 5, ""label"": ""Medium"", ""score_pct"": 26.9}, {""mst"": 4, ""label"": ""Light Medium"", ""score_pct"": 15.9}, {""mst"": 3, ""label"": ""Light"", ""score_pct"": 11.1}]",full
Maybelline,Fit Me Matte + Poreless,235,165900,/content/drive/MyDrive/Capstone/foundation data/Maybelline Fit Me Mate Poreless Foundation/235.png,Cool,Medium,cool,"medium, beige",165900,TRUE,,"(219, 165, 142)",#DBA58E,72.18,16.85,19.68,html_hex,5,Medium,#d7bd96,22.4,14.96,32.9,12.5,10,"[{""mst"": 5, ""label"": ""Medium"", ""score_pct"": 22.4}, {""mst"": 6, ""label"": ""Medium Tan"", ""score_pct"": 14.0}, {""mst"": 4, ""label"": ""Light Medium"", ""score_pct"": 12.7}]",full
Maybelline,Fit Me Matte + Poreless,238,165900,/content/drive/MyDrive/Capstone/foundation data/Maybelline Fit Me Mate Poreless Foundation/238.png,Warm,Medium,warm,"medium, tan",165900,TRUE,,"(218, 165, 141)",#DAA58D,72.06,16.34,20.04,html_hex,5,Medium,#d7bd96,26.5,14.47,38.8,13,10,"[{""mst"": 5, ""label"": ""Medium"", ""score_pct"": 26.5}, {""mst"": 6, ""label"": ""Medium Tan"", ""score_pct"": 17.0}, {""mst"": 4, ""label"": ""Light Medium"", ""score_pct"": 12.3}]",full
Maybelline,Fit Me Matte + Poreless,242,165900,/content/drive/MyDrive/Capstone/foundation data/Maybelline Fit Me Mate Poreless Foundation/242.png,Cool,Medium,cool,medium,165900,TRUE,,"(223, 145, 117)",#DF9175,67.45,26.43,27.04,html_hex,5,Medium,#d7bd96,24.9,25.53,37.2,12.5,44.7,"[{""mst"": 5, ""label"": ""Medium"", ""score_pct"": 24.9}, {""mst"": 6, ""label"": ""Medium Tan"", ""score_pct"": 23.5}, {""mst"": 4, ""label"": ""Light Medium"", ""score_pct"": 17.7}]",full
Maybelline,Fit Me Matte + Poreless,245,165900,/content/drive/MyDrive/Capstone/foundation data/Maybelline Fit Me Mate Poreless Foundation/245.png,Neutral,Medium,neutral,medium,165900,TRUE,,"(217, 154, 129)",#D99A81,69.08,20.47,22.52,html_hex,5,Medium,#d7bd96,30.1,19.17,30.8,10,44.7,"[{""mst"": 5, ""label"": ""Medium"", ""score_pct"": 30.1}, {""mst"": 6, ""label"": ""Medium Tan"", ""score_pct"": 20.1}, {""mst"": 4, ""label"": ""Light Medium"", ""score_pct"": 19.0}]",full
Maybelline,Fit Me Matte + Poreless,310,165900,/content/drive/MyDrive/Capstone/foundation data/Maybelline Fit Me Mate Poreless Foundation/310.png,Warm,Medium,warm,"medium, beige",165900,TRUE,,"(233, 183, 166)",#E9B7A6,78.43,15.65,15.56,html_hex,5,Medium,#d7bd96,25.5,14.36,37.1,13,10,"[{""mst"": 5, ""label"": ""Medium"", ""score_pct"": 25.5}, {""mst"": 4, ""label"": ""Light Medium"", ""score_pct"": 15.9}, {""mst"": 3, ""label"": ""Light"", ""score_pct"": 11.3}]",full
Maybelline,Fit Me Matte + Poreless,312,165900,/content/drive/MyDrive/Capstone/foundation data/Maybelline Fit Me Mate Poreless Foundation/312.png,Warm,Medium,warm,medium,165900,TRUE,,"(216, 152, 119)",#D89877,68.31,20.08,26.94,html_hex,5,Medium,#d7bd96,28.7,19.55,41,13,44.7,"[{""mst"": 5, ""label"": ""Medium"", ""score_pct"": 28.7}, {""mst"": 6, ""label"": ""Medium Tan"", ""score_pct"": 26.3}, {""mst"": 4, ""label"": ""Light Medium"", ""score_pct"": 18.1}]",full
Maybelline,Fit Me Matte + Poreless,320,165900,/content/drive/MyDrive/Capstone/foundation data/Maybelline Fit Me Mate Poreless Foundation/320.png,Neutral,Medium Tan,neutral,"medium, tan",165900,TRUE,,"(222, 153, 121)",#DE9979,69.25,22.14,27.23,html_hex,6,Medium Tan,#a07850,23.9,19.58,35.2,10,10,"[{""mst"": 6, ""label"": ""Medium Tan"", ""score_pct"": 23.9}, {""mst"": 5, ""label"": ""Medium"", ""score_pct"": 20.8}, {""mst"": 7, ""label"": ""Tan"", ""score_pct"": 10.2}]",full
Maybelline,Fit Me Matte + Poreless,322,165900,/content/drive/MyDrive/Capstone/foundation data/Maybelline Fit Me Mate Poreless Foundation/322.png,Neutral,Medium,neutral,"medium, deep, medium/deep",165900,TRUE,,"(223, 162, 138)",#DFA28A,71.8,19.55,21.41,html_hex,5,Medium,#d7bd96,24.3,17.28,36,10,10,"[{""mst"": 5, ""label"": ""Medium"", ""score_pct"": 24.3}, {""mst"": 6, ""label"": ""Medium Tan"", ""score_pct"": 16.3}, {""mst"": 4, ""label"": ""Light Medium"", ""score_pct"": 12.0}]",full
Maybelline,Fit Me Matte + Poreless,330,165900,/content/drive/MyDrive/Capstone/foundation data/Maybelline Fit Me Mate Poreless Foundation/330.png,Neutral,Medium Tan,neutral,"medium, beige, deep, medium/deep",165900,TRUE,,"(206, 137, 108)",#CE896C,63.42,23.09,26.32,html_hex,6,Medium Tan,#a07850,31.5,16.07,49.1,10,10,"[{""mst"": 6, ""label"": ""Medium Tan"", ""score_pct"": 31.5}, {""mst"": 7, ""label"": ""Tan"", ""score_pct"": 14.2}, {""mst"": 5, ""label"": ""Medium"", ""score_pct"": 13.8}]",full
Maybelline,Fit Me Matte + Poreless,332,165900,/content/drive/MyDrive/Capstone/foundation data/Maybelline Fit Me Mate Poreless Foundation/332.png,Warm,Medium Tan,warm,"medium, deep, medium/deep",165900,TRUE,,"(203, 135, 100)",#CB8764,62.46,22.2,29.41,html_hex,6,Medium Tan,#a07850,35.2,14.77,55.1,13,10,"[{""mst"": 6, ""label"": ""Medium Tan"", ""score_pct"": 35.2}, {""mst"": 7, ""label"": ""Tan"", ""score_pct"": 14.1}, {""mst"": 5, ""label"": ""Medium"", ""score_pct"": 13.2}]",full
Maybelline,Fit Me Matte + Poreless,334,165900,/content/drive/MyDrive/Capstone/foundation data/Maybelline Fit Me Mate Poreless Foundation/334.png,Neutral,Medium Tan,neutral,medium/deep,165900,TRUE,,"(195, 128, 91)",#C3805B,59.71,21.93,30.63,html_hex,6,Medium Tan,#a07850,37,13.23,59.1,10,10,"[{""mst"": 6, ""label"": ""Medium Tan"", ""score_pct"": 37.0}, {""mst"": 7, ""label"": ""Tan"", ""score_pct"": 15.1}, {""mst"": 5, ""label"": ""Medium"", ""score_pct"": 10.3}]",full
Maybelline,Fit Me Matte + Poreless,335,165900,/content/drive/MyDrive/Capstone/foundation data/Maybelline Fit Me Mate Poreless Foundation/335.png,Neutral,Medium Tan,neutral,"medium, tan, deep, medium/deep",165900,TRUE,,"(201, 134, 96)",#C98660,61.93,21.56,30.86,html_hex,6,Medium Tan,#a07850,35.7,14.16,56.8,10,10,"[{""mst"": 6, ""label"": ""Medium Tan"", ""score_pct"": 35.7}, {""mst"": 7, ""label"": ""Tan"", ""score_pct"": 13.8}, {""mst"": 5, ""label"": ""Medium"", ""score_pct"": 12.2}]",full
Maybelline,Fit Me Matte + Poreless,338,165900,/content/drive/MyDrive/Capstone/foundation data/Maybelline Fit Me Mate Poreless Foundation/338.png,Cool,Medium Tan,cool,"brown, deep",165900,TRUE,,"(189, 122, 93)",#BD7A5D,57.59,22.95,26.65,html_hex,6,Medium Tan,#a07850,30.7,13.11,48.2,12.5,10,"[{""mst"": 6, ""label"": ""Medium Tan"", ""score_pct"": 30.7}, {""mst"": 7, ""label"": ""Tan"", ""score_pct"": 19.9}, {""mst"": 5, ""label"": ""Medium"", ""score_pct"": 9.1}]",full
Maybelline,Fit Me Matte + Poreless,340,165900,/content/drive/MyDrive/Capstone/foundation data/Maybelline Fit Me Mate Poreless Foundation/340.png,Warm,Medium Tan,warm,dark,165900,TRUE,,"(201, 130, 95)",#C9825F,60.97,23.65,30.19,html_hex,6,Medium Tan,#a07850,34,15.24,56.1,13,37.2,"[{""mst"": 6, ""label"": ""Medium Tan"", ""score_pct"": 34.0}, {""mst"": 7, ""label"": ""Tan"", ""score_pct"": 19.7}, {""mst"": 8, ""label"": ""Deep"", ""score_pct"": 13.4}]",full
Maybelline,Fit Me Matte + Poreless,355,165900,/content/drive/MyDrive/Capstone/foundation data/Maybelline Fit Me Mate Poreless Foundation/355.png,Cool,Medium Tan,cool,dark,165900,TRUE,,"(203, 130, 99)",#CB8263,61.28,24.83,28.42,html_hex,6,Medium Tan,#a07850,28.7,16.26,47.7,12.5,37.2,"[{""mst"": 6, ""label"": ""Medium Tan"", ""score_pct"": 28.7}, {""mst"": 7, ""label"": ""Tan"", ""score_pct"": 21.4}, {""mst"": 8, ""label"": ""Deep"", ""score_pct"": 14.1}]",full
Maybelline,Fit Me Matte + Poreless,356,165900,/content/drive/MyDrive/Capstone/foundation data/Maybelline Fit Me Mate Poreless Foundation/356.png,Warm,Medium Tan,warm,dark,165900,TRUE,,"(169, 99, 69)",#A96345,49.24,25.32,29.04,html_hex,6,Medium Tan,#a07850,29.7,15.38,48.2,13,37.2,"[{""mst"": 6, ""label"": ""Medium Tan"", ""score_pct"": 29.7}, {""mst"": 7, ""label"": ""Tan"", ""score_pct"": 28.3}, {""mst"": 8, ""label"": ""Deep"", ""score_pct"": 16.3}]",full
Maybelline,Fit Me Matte + Poreless,358,165900,/content/drive/MyDrive/Capstone/foundation data/Maybelline Fit Me Mate Poreless Foundation/358.png,Cool,Medium Tan,cool,dark,165900,TRUE,,"(204, 124, 93)",#CC7C5D,59.93,27.95,30.04,html_hex,6,Medium Tan,#a07850,28.5,18.66,47.4,12.5,37.2,"[{""mst"": 6, ""label"": ""Medium Tan"", ""score_pct"": 28.5}, {""mst"": 7, ""label"": ""Tan"", ""score_pct"": 22.7}, {""mst"": 8, ""label"": ""Deep"", ""score_pct"": 14.6}]",full
Maybelline,Fit Me Matte + Poreless,360,165900,/content/drive/MyDrive/Capstone/foundation data/Maybelline Fit Me Mate Poreless Foundation/360.png,Warm,Tan,warm,dark,165900,TRUE,,"(149, 76, 51)",#954C33,40.9,28.39,28.5,html_hex,7,Tan,#825c43,32.6,18,42.5,13,37.2,"[{""mst"": 7, ""label"": ""Tan"", ""score_pct"": 32.6}, {""mst"": 8, ""label"": ""Deep"", ""score_pct"": 21.1}, {""mst"": 6, ""label"": ""Medium Tan"", ""score_pct"": 21.0}]",full
Maybelline,Fit Me Matte + Poreless,362,165900,/content/drive/MyDrive/Capstone/foundation data/Maybelline Fit Me Mate Poreless Foundation/362.png,Neutral,Tan,neutral,dark,165900,TRUE,,"(158, 98, 75)",#9E624B,47.64,21.78,23.25,html_hex,7,Tan,#825c43,34.8,11.11,46.9,10,37.2,"[{""mst"": 7, ""label"": ""Tan"", ""score_pct"": 34.8}, {""mst"": 6, ""label"": ""Medium Tan"", ""score_pct"": 22.0}, {""mst"": 8, ""label"": ""Deep"", ""score_pct"": 17.8}]",full
Maybelline,Fit Me Matte + Poreless,365,165900,/content/drive/MyDrive/Capstone/foundation data/Maybelline Fit Me Mate Poreless Foundation/365.png,Cool,Tan,cool,dark,165900,TRUE,,"(125, 92, 77)",#7D5C4D,42.08,11.34,13.91,html_hex,7,Tan,#825c43,33.3,6.71,44.8,12.5,37.2,"[{""mst"": 7, ""label"": ""Tan"", ""score_pct"": 33.3}, {""mst"": 8, ""label"": ""Deep"", ""score_pct"": 29.1}, {""mst"": 9, ""label"": ""Very Deep"", ""score_pct"": 10.8}]",full
Maybelline,Fit Me Matte + Poreless,368,165900,/content/drive/MyDrive/Capstone/foundation data/Maybelline Fit Me Mate Poreless Foundation/368.png,Neutral,Tan,neutral,dark,165900,TRUE,,"(139, 80, 57)",#8B5039,40.45,22.35,24.1,html_hex,7,Tan,#825c43,37.4,10.83,51.5,10,37.2,"[{""mst"": 7, ""label"": ""Tan"", ""score_pct"": 37.4}, {""mst"": 8, ""label"": ""Deep"", ""score_pct"": 22.8}, {""mst"": 6, ""label"": ""Medium Tan"", ""score_pct"": 14.4}]",full
Maybelline,Fit Me Matte + Poreless,370,165900,/content/drive/MyDrive/Capstone/foundation data/Maybelline Fit Me Mate Poreless Foundation/370.png,Neutral,Deep,neutral,dark,165900,TRUE,,"(113, 68, 51)",#714433,33.74,17.43,18.43,html_hex,8,Deep,#604134,36.5,8.28,45.9,10,37.2,"[{""mst"": 8, ""label"": ""Deep"", ""score_pct"": 36.5}, {""mst"": 7, ""label"": ""Tan"", ""score_pct"": 28.6}, {""mst"": 9, ""label"": ""Very Deep"", ""score_pct"": 11.3}]",full
Maybelline,Fit Me Matte + Poreless,375,165900,/content/drive/MyDrive/Capstone/foundation data/Maybelline Fit Me Mate Poreless Foundation/375.png,Cool,Deep,cool,dark,165900,TRUE,,"(115, 66, 48)",#734230,33.47,19.24,19.99,html_hex,8,Deep,#604134,35.7,10.46,44.5,12.5,37.2,"[{""mst"": 8, ""label"": ""Deep"", ""score_pct"": 35.7}, {""mst"": 7, ""label"": ""Tan"", ""score_pct"": 27.9}, {""mst"": 9, ""label"": ""Very Deep"", ""score_pct"": 11.4}]",full
Maybelline,Fit Me Matte + Poreless,380,165900,/content/drive/MyDrive/Capstone/foundation data/Maybelline Fit Me Mate Poreless Foundation/380.png,Cool,Deep,cool,dark,165900,TRUE,,"(83, 52, 23)",#533417,24.82,10.78,23.63,html_hex,8,Deep,#604134,39.2,11.87,51,12.5,37.2,"[{""mst"": 8, ""label"": ""Deep"", ""score_pct"": 39.2}, {""mst"": 7, ""label"": ""Tan"", ""score_pct"": 19.4}, {""mst"": 9, ""label"": ""Very Deep"", ""score_pct"": 15.9}]",full
Fenty Beauty,Fenty Beauty Pro Filtr Foundation,#100 - Light with neutral undertones,479000,https://fentybeauty.com/cdn/shop/files/fb0100.jpg,Neutral,Porcelain,neutral,fair,479000,TRUE,,"(253, 207, 173)",#fdcfad,86.27,11.5,23.02,html_hex,1,Porcelain,#f6ede4,20.5,21.73,30.7,10,55,"[{""mst"": 1, ""label"": ""Porcelain"", ""score_pct"": 20.5}, {""mst"": 5, ""label"": ""Medium"", ""score_pct"": 18.9}, {""mst"": 2, ""label"": ""Fair"", ""score_pct"": 18.6}]",full
Fenty Beauty,Fenty Beauty Pro Filtr Foundation,#110 - Light with cool pink undertones,479000,https://fentybeauty.com/cdn/shop/files/fb0110.jpg,Cool,Porcelain,cool,fair,479000,TRUE,,"(253, 209, 176)",#fdd1b0,86.81,10.83,22.19,html_hex,1,Porcelain,#f6ede4,22.6,20.56,26.1,12.5,55,"[{""mst"": 1, ""label"": ""Porcelain"", ""score_pct"": 22.6}, {""mst"": 2, ""label"": ""Fair"", ""score_pct"": 20.8}, {""mst"": 4, ""label"": ""Light Medium"", ""score_pct"": 16.5}]",full
Fenty Beauty,Fenty Beauty Pro Filtr Foundation,#120 - Light with neutral undertones,479000,https://fentybeauty.com/cdn/shop/files/fb0120.jpg,Neutral,Porcelain,neutral,fair,479000,TRUE,,"(253, 212, 179)",#fdd4b3,87.6,9.66,21.7,html_hex,1,Porcelain,#f6ede4,21,19.36,30.5,10,55,"[{""mst"": 1, ""label"": ""Porcelain"", ""score_pct"": 21.0}, {""mst"": 2, ""label"": ""Fair"", ""score_pct"": 19.2}, {""mst"": 4, ""label"": ""Light Medium"", ""score_pct"": 18.8}]",full
Fenty Beauty,Fenty Beauty Pro Filtr Foundation,#125 - light with neutral undertones,479000,https://fentybeauty.com/cdn/shop/files/fb0125.jpg,Neutral,Medium,neutral,fair,479000,TRUE,,"(227, 194, 160)",#e3c2a0,80.43,6.76,21.47,html_hex,5,Medium,#d7bd96,28.5,4.47,48.2,10,55,"[{""mst"": 5, ""label"": ""Medium"", ""score_pct"": 28.5}, {""mst"": 1, ""label"": ""Porcelain"", ""score_pct"": 18.8}, {""mst"": 2, ""label"": ""Fair"", ""score_pct"": 16.4}]",full
Fenty Beauty,Fenty Beauty Pro Filtr Foundation,#130 - Light with warm olive undertones,479000,https://fentybeauty.com/cdn/shop/files/fb0130.jpg,Warm,Medium,warm,fair,479000,TRUE,,"(235, 192, 140)",#ebc08c,80.32,8.53,31.99,html_hex,5,Medium,#d7bd96,29.4,10.48,48.6,13,55,"[{""mst"": 5, ""label"": ""Medium"", ""score_pct"": 29.4}, {""mst"": 1, ""label"": ""Porcelain"", ""score_pct"": 17.5}, {""mst"": 2, ""label"": ""Fair"", ""score_pct"": 14.9}]",full
Fenty Beauty,Fenty Beauty Pro Filtr Foundation,#140 - Light with warm yellow undertones,479000,https://fentybeauty.com/cdn/shop/files/fb0140.jpg,Warm,Medium,warm,fair,479000,TRUE,,"(226, 182, 129)",#e2b681,76.81,9.05,32.97,html_hex,5,Medium,#d7bd96,29.2,11.35,48.4,13,55,"[{""mst"": 5, ""label"": ""Medium"", ""score_pct"": 29.2}, {""mst"": 1, ""label"": ""Porcelain"", ""score_pct"": 17.1}, {""mst"": 2, ""label"": ""Fair"", ""score_pct"": 14.4}]",full
Fenty Beauty,Fenty Beauty Pro Filtr Foundation,#150 - Light with neutral undertones,479000,https://fentybeauty.com/cdn/shop/files/fb0150.jpg,Neutral,Medium,neutral,light,479000,TRUE,,"(215, 168, 128)",#d7a880,72.24,12.01,27.27,html_hex,5,Medium,#d7bd96,28.8,11.05,48.7,10,44.7,"[{""mst"": 5, ""label"": ""Medium"", ""score_pct"": 28.8}, {""mst"": 3, ""label"": ""Light"", ""score_pct"": 16.7}, {""mst"": 2, ""label"": ""Fair"", ""score_pct"": 15.7}]",full
Fenty Beauty,Fenty Beauty Pro Filtr Foundation,#160 - Light with warm peach undertones,479000,https://fentybeauty.com/cdn/shop/files/fb0160.jpg,Warm,Medium,warm,fair,479000,TRUE,,"(233, 172, 133)",#e9ac85,75.16,17.57,28.81,html_hex,5,Medium,#d7bd96,25,15.45,40.7,13,55,"[{""mst"": 5, ""label"": ""Medium"", ""score_pct"": 25.0}, {""mst"": 1, ""label"": ""Porcelain"", ""score_pct"": 17.4}, {""mst"": 2, ""label"": ""Fair"", ""score_pct"": 14.7}]",full
Fenty Beauty,Fenty Beauty Pro Filtr Foundation,#170 - Light with cool pink undertones,479000,https://fentybeauty.com/cdn/shop/files/fb0170.jpg,Cool,Medium,cool,light,479000,TRUE,,"(224, 171, 135)",#e0ab87,74.01,14.77,26.05,html_hex,5,Medium,#d7bd96,24.3,12.3,40.8,12.5,44.7,"[{""mst"": 5, ""label"": ""Medium"", ""score_pct"": 24.3}, {""mst"": 3, ""label"": ""Light"", ""score_pct"": 18.1}, {""mst"": 2, ""label"": ""Fair"", ""score_pct"": 17.3}]",full
Fenty Beauty,Fenty Beauty Pro Filtr Foundation,#175 - light with neutral undertones,479000,https://fentybeauty.com/cdn/shop/files/fb0175.jpg,Neutral,Medium,neutral,fair,479000,TRUE,,"(220, 179, 140)",#dcb38c,75.67,9.49,25.53,html_hex,5,Medium,#d7bd96,33,6.85,56.4,10,55,"[{""mst"": 5, ""label"": ""Medium"", ""score_pct"": 33.0}, {""mst"": 1, ""label"": ""Porcelain"", ""score_pct"": 17.8}, {""mst"": 2, ""label"": ""Fair"", ""score_pct"": 15.0}]",full
Fenty Beauty,Fenty Beauty Pro Filtr Foundation,#185 - Light Medium with neutral undertones,479000,https://fentybeauty.com/cdn/shop/files/fb0185.jpg,Neutral,Porcelain,neutral,fair,479000,TRUE,,"(252, 214, 179)",#fcd6b3,87.99,8.25,22.23,html_hex,1,Porcelain,#f6ede4,20.7,19.14,32,10,55,"[{""mst"": 1, ""label"": ""Porcelain"", ""score_pct"": 20.7}, {""mst"": 4, ""label"": ""Light Medium"", ""score_pct"": 19.6}, {""mst"": 2, ""label"": ""Fair"", ""score_pct"": 18.8}]",full
Fenty Beauty,Fenty Beauty Pro Filtr Foundation,#190 - Light Medium with warm yellow undertones,479000,https://fentybeauty.com/cdn/shop/files/fb0190.jpg,Warm,Medium,warm,light,479000,TRUE,,"(224, 173, 127)",#e0ad7f,74.36,12.83,30.79,html_hex,5,Medium,#d7bd96,27,12.59,44.4,13,44.7,"[{""mst"": 5, ""label"": ""Medium"", ""score_pct"": 27.0}, {""mst"": 3, ""label"": ""Light"", ""score_pct"": 17.0}, {""mst"": 2, ""label"": ""Fair"", ""score_pct"": 15.3}]",full
Fenty Beauty,Fenty Beauty Pro Filtr Foundation,#200 - Light Medium with cool pink undertones,479000,https://fentybeauty.com/cdn/shop/files/fb0200.jpg,Cool,Medium,cool,light,479000,TRUE,,"(227, 172, 127)",#e3ac7f,74.43,14.56,30.93,html_hex,5,Medium,#d7bd96,25.3,13.99,42.5,12.5,44.7,"[{""mst"": 5, ""label"": ""Medium"", ""score_pct"": 25.3}, {""mst"": 3, ""label"": ""Light"", ""score_pct"": 17.7}, {""mst"": 2, ""label"": ""Fair"", ""score_pct"": 16.6}]",full
Fenty Beauty,Fenty Beauty Pro Filtr Foundation,#210 - Light Medium with neutral undertones,479000,https://fentybeauty.com/cdn/shop/files/fb0210.jpg,Neutral,Medium,neutral,fair,479000,TRUE,,"(240, 185, 143)",#f0b98f,79.16,14.51,28.96,html_hex,5,Medium,#d7bd96,28.2,12.54,47.6,10,55,"[{""mst"": 5, ""label"": ""Medium"", ""score_pct"": 28.2}, {""mst"": 1, ""label"": ""Porcelain"", ""score_pct"": 18.4}, {""mst"": 2, ""label"": ""Fair"", ""score_pct"": 15.8}]",full
Fenty Beauty,Fenty Beauty Pro Filtr Foundation,#220 - Light Medium with warm peach undertones,479000,https://fentybeauty.com/cdn/shop/files/fb0220.jpg,Warm,Medium,warm,light,479000,TRUE,,"(219, 164, 123)",#dba47b,71.58,15.23,29.17,html_hex,5,Medium,#d7bd96,23.5,14.64,38,13,44.7,"[{""mst"": 5, ""label"": ""Medium"", ""score_pct"": 23.5}, {""mst"": 6, ""label"": ""Medium Tan"", ""score_pct"": 19.0}, {""mst"": 3, ""label"": ""Light"", ""score_pct"": 16.3}]",full
Fenty Beauty,Fenty Beauty Pro Filtr Foundation,#225 - light medium with neutral olive undertones,479000,https://fentybeauty.com/cdn/shop/files/fb0225.jpg,Warm,Medium,warm,fair,479000,TRUE,,"(228, 182, 133)",#e4b685,77.07,10.28,31.25,html_hex,5,Medium,#d7bd96,29.4,10.61,48.7,13,55,"[{""mst"": 5, ""label"": ""Medium"", ""score_pct"": 29.4}, {""mst"": 1, ""label"": ""Porcelain"", ""score_pct"": 17.2}, {""mst"": 2, ""label"": ""Fair"", ""score_pct"": 14.5}]",full
Fenty Beauty,Fenty Beauty Pro Filtr Foundation,#230 - Light Medium with neutral undertones,479000,https://fentybeauty.com/cdn/shop/files/fb0230.jpg,Neutral,Medium,neutral,light,479000,TRUE,,"(219, 164, 126)",#dba47e,71.64,15.55,27.63,html_hex,5,Medium,#d7bd96,25.2,14.32,42.1,10,44.7,"[{""mst"": 5, ""label"": ""Medium"", ""score_pct"": 25.2}, {""mst"": 3, ""label"": ""Light"", ""score_pct"": 16.6}, {""mst"": 2, ""label"": ""Fair"", ""score_pct"": 15.7}]",full
Fenty Beauty,Fenty Beauty Pro Filtr Foundation,#235 - Light Medium with warm golden undertones,479000,https://fentybeauty.com/cdn/shop/files/fb0235.jpg,Warm,Medium,warm,light,479000,TRUE,,"(233, 172, 102)",#e9ac66,74.69,14.74,44.37,html_hex,5,Medium,#d7bd96,22.5,24.25,36.2,13,44.7,"[{""mst"": 5, ""label"": ""Medium"", ""score_pct"": 22.5}, {""mst"": 6, ""label"": ""Medium Tan"", ""score_pct"": 19.1}, {""mst"": 3, ""label"": ""Light"", ""score_pct"": 16.8}]",full
Fenty Beauty,Fenty Beauty Pro Filtr Foundation,#240 - Light Medium with warm golden undertones,479000,https://fentybeauty.com/cdn/shop/files/fb0240.jpg,Warm,Medium,warm,light,479000,TRUE,,"(211, 160, 118)",#d3a076,69.68,13.64,29.2,html_hex,5,Medium,#d7bd96,22,14.41,35.4,13,44.7,"[{""mst"": 5, ""label"": ""Medium"", ""score_pct"": 22.0}, {""mst"": 6, ""label"": ""Medium Tan"", ""score_pct"": 21.9}, {""mst"": 3, ""label"": ""Light"", ""score_pct"": 15.7}]",full
Fenty Beauty,Fenty Beauty Pro Filtr Foundation,#250 - Light Medium with warm peach undertones,479000,https://fentybeauty.com/cdn/shop/files/fb0250.jpg,Warm,Medium Tan,warm,light,479000,TRUE,,"(217, 153, 96)",#d99960,68.3,17.83,39.25,html_hex,6,Medium Tan,#a07850,27.4,20,45.5,13,44.7,"[{""mst"": 6, ""label"": ""Medium Tan"", ""score_pct"": 27.4}, {""mst"": 5, ""label"": ""Medium"", ""score_pct"": 17.0}, {""mst"": 3, ""label"": ""Light"", ""score_pct"": 15.3}]",full
Fenty Beauty,Fenty Beauty Pro Filtr Foundation,#260 - Medium with neutral undertones,479000,https://fentybeauty.com/cdn/shop/files/fb0260.jpg,Neutral,Medium,neutral,light,479000,TRUE,,"(214, 160, 123)",#d6a07b,70.09,15.38,27.09,html_hex,5,Medium,#d7bd96,23.5,14.78,39,10,44.7,"[{""mst"": 5, ""label"": ""Medium"", ""score_pct"": 23.5}, {""mst"": 6, ""label"": ""Medium Tan"", ""score_pct"": 17.6}, {""mst"": 3, ""label"": ""Light"", ""score_pct"": 16.2}]",full
Fenty Beauty,Fenty Beauty Pro Filtr Foundation,#265 - medium with olive undertones,479000,https://fentybeauty.com/cdn/shop/files/fb0265.jpg,Warm,Medium,warm,light,479000,TRUE,,"(212, 168, 122)",#d4a87a,71.83,10.15,29.9,html_hex,5,Medium,#d7bd96,26.7,11.27,43.9,13,44.7,"[{""mst"": 5, ""label"": ""Medium"", ""score_pct"": 26.7}, {""mst"": 6, ""label"": ""Medium Tan"", ""score_pct"": 16.6}, {""mst"": 3, ""label"": ""Light"", ""score_pct"": 16.3}]",full
Fenty Beauty,Fenty Beauty Pro Filtr Foundation,#280 - Medium with warm neutral undertones,479000,https://fentybeauty.com/cdn/shop/files/fb0280.jpg,Warm,Medium Tan,warm,light to medium,479000,TRUE,,"(200, 135, 89)",#c88759,61.94,19.99,34.66,html_hex,6,Medium Tan,#a07850,34.4,14.33,58.2,13,44.7,"[{""mst"": 6, ""label"": ""Medium Tan"", ""score_pct"": 34.4}, {""mst"": 4, ""label"": ""Light Medium"", ""score_pct"": 15.7}, {""mst"": 3, ""label"": ""Light"", ""score_pct"": 14.2}]",full
Fenty Beauty,Fenty Beauty Pro Filtr Foundation,#290 - Medium with warm olive undertones,479000,https://fentybeauty.com/cdn/shop/files/fb0290.jpg,Warm,Medium Tan,warm,light to medium,479000,TRUE,,"(200, 136, 89)",#c88859,62.18,19.44,34.95,html_hex,6,Medium Tan,#a07850,34.3,14.26,58.1,13,44.7,"[{""mst"": 6, ""label"": ""Medium Tan"", ""score_pct"": 34.3}, {""mst"": 4, ""label"": ""Light Medium"", ""score_pct"": 15.7}, {""mst"": 3, ""label"": ""Light"", ""score_pct"": 14.2}]",full
Fenty Beauty,Fenty Beauty Pro Filtr Foundation,#295 - medium with warm neutral undertones,479000,https://fentybeauty.com/cdn/shop/files/fb0295.jpg,Warm,Medium,warm,light,479000,TRUE,,"(216, 162, 113)",#d8a271,70.62,14.08,33.19,html_hex,5,Medium,#d7bd96,22,16.33,35.2,13,44.7,"[{""mst"": 5, ""label"": ""Medium"", ""score_pct"": 22.0}, {""mst"": 6, ""label"": ""Medium Tan"", ""score_pct"": 21.8}, {""mst"": 3, ""label"": ""Light"", ""score_pct"": 15.9}]",full
Fenty Beauty,Fenty Beauty Pro Filtr Foundation,#300 - Medium with warm golden undertones,479000,https://fentybeauty.com/cdn/shop/files/fb0300.jpg,Warm,Medium Tan,warm,light to medium,479000,TRUE,,"(200, 145, 99)",#c89163,64.51,15.4,32.51,html_hex,6,Medium Tan,#a07850,32.3,12.88,54.5,13,44.7,"[{""mst"": 6, ""label"": ""Medium Tan"", ""score_pct"": 32.3}, {""mst"": 4, ""label"": ""Light Medium"", ""score_pct"": 16.5}, {""mst"": 5, ""label"": ""Medium"", ""score_pct"": 15.0}]",full
Fenty Beauty,Fenty Beauty Pro Filtr Foundation,#310 - Medium with warm golden undertones,479000,https://fentybeauty.com/cdn/shop/files/fb0310.jpg,Warm,Medium Tan,warm,light to medium,479000,TRUE,,"(209, 145, 95)",#d1915f,65.46,18.77,36.07,html_hex,6,Medium Tan,#a07850,31,16.64,52,13,44.7,"[{""mst"": 6, ""label"": ""Medium Tan"", ""score_pct"": 31.0}, {""mst"": 4, ""label"": ""Light Medium"", ""score_pct"": 16.7}, {""mst"": 5, ""label"": ""Medium"", ""score_pct"": 15.4}]",full
Fenty Beauty,Fenty Beauty Pro Filtr Foundation,#315 - medium with neutral undertones,479000,https://fentybeauty.com/cdn/shop/files/fb0315.jpg,Neutral,Medium Tan,neutral,light,479000,TRUE,,"(215, 156, 100)",#d79c64,68.86,15.72,37.8,html_hex,6,Medium Tan,#a07850,24.6,18.97,41,10,44.7,"[{""mst"": 6, ""label"": ""Medium Tan"", ""score_pct"": 24.6}, {""mst"": 5, ""label"": ""Medium"", ""score_pct"": 19.2}, {""mst"": 3, ""label"": ""Light"", ""score_pct"": 15.5}]",full
Fenty Beauty,Fenty Beauty Pro Filtr Foundation,#330 - Medium with warm golden undertones,479000,https://fentybeauty.com/cdn/shop/files/fb0330.jpg,Warm,Medium Tan,warm,light to medium,479000,TRUE,,"(210, 149, 94)",#d2955e,66.53,16.93,37.94,html_hex,6,Medium Tan,#a07850,29.7,17.62,49.6,13,44.7,"[{""mst"": 6, ""label"": ""Medium Tan"", ""score_pct"": 29.7}, {""mst"": 4, ""label"": ""Light Medium"", ""score_pct"": 17.2}, {""mst"": 5, ""label"": ""Medium"", ""score_pct"": 16.8}]",full
Fenty Beauty,Fenty Beauty Pro Filtr Foundation,#335 - medium with warm neutral undertones,479000,https://fentybeauty.com/cdn/shop/files/fb0335.jpg,Warm,Medium Tan,warm,light to medium,479000,TRUE,,"(192, 134, 80)",#c08650,60.64,16.45,37.64,html_hex,6,Medium Tan,#a07850,35.9,13.41,60.9,13,44.7,"[{""mst"": 6, ""label"": ""Medium Tan"", ""score_pct"": 35.9}, {""mst"": 4, ""label"": ""Light Medium"", ""score_pct"": 15.5}, {""mst"": 3, ""label"": ""Light"", ""score_pct"": 14.0}]",full
Fenty Beauty,Fenty Beauty Pro Filtr Foundation,#345 - Medium Deep with warm olive undertones,479000,https://fentybeauty.com/cdn/shop/files/fb0345.jpg,Warm,Medium Tan,warm,light to medium,479000,TRUE,,"(200, 142, 81)",#c88e51,63.53,15.53,40.8,html_hex,6,Medium Tan,#a07850,32.9,17.04,55.5,13,44.7,"[{""mst"": 6, ""label"": ""Medium Tan"", ""score_pct"": 32.9}, {""mst"": 4, ""label"": ""Light Medium"", ""score_pct"": 16.3}, {""mst"": 3, ""label"": ""Light"", ""score_pct"": 14.4}]",full
Fenty Beauty,Fenty Beauty Pro Filtr Foundation,#350 - Medium Deep with warm neutral undertones,479000,https://fentybeauty.com/cdn/shop/files/fb0350.jpg,Warm,Medium Tan,warm,medium,479000,TRUE,,"(183, 123, 69)",#b77b45,56.75,17.88,38.53,html_hex,6,Medium Tan,#a07850,38.2,13.26,62.8,13,44.7,"[{""mst"": 6, ""label"": ""Medium Tan"", ""score_pct"": 38.2}, {""mst"": 5, ""label"": ""Medium"", ""score_pct"": 18.8}, {""mst"": 4, ""label"": ""Light Medium"", ""score_pct"": 14.8}]",full
Fenty Beauty,Fenty Beauty Pro Filtr Foundation,#360 - Medium Deep with neutral undertones,479000,https://fentybeauty.com/cdn/shop/files/fb0360.jpg,Neutral,Medium Tan,neutral,medium,479000,TRUE,,"(175, 121, 70)",#af7946,55.31,15.62,36.06,html_hex,6,Medium Tan,#a07850,40.9,9.73,68.3,10,44.7,"[{""mst"": 6, ""label"": ""Medium Tan"", ""score_pct"": 40.9}, {""mst"": 5, ""label"": ""Medium"", ""score_pct"": 16.7}, {""mst"": 4, ""label"": ""Light Medium"", ""score_pct"": 14.0}]",full
Fenty Beauty,Fenty Beauty Pro Filtr Foundation,#370 - Medium Deep with warm golden undertones,479000,https://fentybeauty.com/cdn/shop/files/fb0370.jpg,Warm,Medium Tan,warm,light to medium,479000,TRUE,,"(197, 132, 98)",#c58462,61.01,21.2,28.49,html_hex,6,Medium Tan,#a07850,34,13.04,57.5,13,44.7,"[{""mst"": 6, ""label"": ""Medium Tan"", ""score_pct"": 34.0}, {""mst"": 4, ""label"": ""Light Medium"", ""score_pct"": 15.4}, {""mst"": 3, ""label"": ""Light"", ""score_pct"": 14.1}]",full
Fenty Beauty,Fenty Beauty Pro Filtr Foundation,#385 - Medium Deep with neutral undertones,479000,https://fentybeauty.com/cdn/shop/files/fb0385.jpg,Neutral,Medium Tan,neutral,medium,479000,TRUE,,"(181, 122, 57)",#b57a39,56.13,16.79,43.86,html_hex,6,Medium Tan,#a07850,38.4,17.28,63.7,10,44.7,"[{""mst"": 6, ""label"": ""Medium Tan"", ""score_pct"": 38.4}, {""mst"": 5, ""label"": ""Medium"", ""score_pct"": 18.2}, {""mst"": 4, ""label"": ""Light Medium"", ""score_pct"": 14.4}]",full
Fenty Beauty,Fenty Beauty Pro Filtr Foundation,#390 - Medium Deep with warm yellow undertones,479000,https://fentybeauty.com/cdn/shop/files/fb0390.jpg,Warm,Medium Tan,warm,medium to tan,479000,TRUE,,"(166, 105, 61)",#a6693d,50.16,20.07,34.5,html_hex,6,Medium Tan,#a07850,45.3,12,57.8,13,44.7,"[{""mst"": 6, ""label"": ""Medium Tan"", ""score_pct"": 45.3}, {""mst"": 7, ""label"": ""Tan"", ""score_pct"": 18.7}, {""mst"": 5, ""label"": ""Medium"", ""score_pct"": 16.1}]",full
Fenty Beauty,Fenty Beauty Pro Filtr Foundation,#400 - Medium Deep with warm golden undertones,479000,https://fentybeauty.com/cdn/shop/files/fb0400.jpg,Warm,Medium Tan,warm,medium to tan,479000,TRUE,,"(163, 92, 40)",#a35c28,46.44,24.83,41.17,html_hex,6,Medium Tan,#a07850,41.9,20.67,51.6,13,44.7,"[{""mst"": 6, ""label"": ""Medium Tan"", ""score_pct"": 41.9}, {""mst"": 7, ""label"": ""Tan"", ""score_pct"": 20.4}, {""mst"": 5, ""label"": ""Medium"", ""score_pct"": 16.0}]",full
Fenty Beauty,Fenty Beauty Pro Filtr Foundation,#410 - Medium Deep with warm golden undertones,479000,https://fentybeauty.com/cdn/shop/files/fb0410.jpg,Warm,Medium Tan,warm,medium to tan,479000,TRUE,,"(165, 96, 49)",#a56031,47.74,23.93,38.08,html_hex,6,Medium Tan,#a07850,42.6,17.72,52.7,13,44.7,"[{""mst"": 6, ""label"": ""Medium Tan"", ""score_pct"": 42.6}, {""mst"": 7, ""label"": ""Tan"", ""score_pct"": 20.3}, {""mst"": 5, ""label"": ""Medium"", ""score_pct"": 16.0}]",full
Fenty Beauty,Fenty Beauty Pro Filtr Foundation,#420 - Medium Deep with warm golden undertones,479000,https://fentybeauty.com/cdn/shop/files/fb0420.jpg,Warm,Medium Tan,warm,medium,479000,TRUE,,"(179, 115, 61)",#b3733d,54.22,20.07,39.64,html_hex,6,Medium Tan,#a07850,37.3,15.08,61,13,44.7,"[{""mst"": 6, ""label"": ""Medium Tan"", ""score_pct"": 37.3}, {""mst"": 5, ""label"": ""Medium"", ""score_pct"": 17.8}, {""mst"": 4, ""label"": ""Light Medium"", ""score_pct"": 14.6}]",full
Fenty Beauty,Fenty Beauty Pro Filtr Foundation,#425 - medium deep with olive undertones,479000,https://fentybeauty.com/cdn/shop/files/fb0425.jpg,Warm,Medium Tan,warm,medium to tan,479000,TRUE,,"(160, 96, 58)",#a0603a,47.17,22.35,32.4,html_hex,6,Medium Tan,#a07850,41.1,14.09,50,13,44.7,"[{""mst"": 6, ""label"": ""Medium Tan"", ""score_pct"": 41.1}, {""mst"": 7, ""label"": ""Tan"", ""score_pct"": 22.2}, {""mst"": 5, ""label"": ""Medium"", ""score_pct"": 15.5}]",full
Fenty Beauty,Fenty Beauty Pro Filtr Foundation,#430 - Deep with warm golden undertones,479000,https://fentybeauty.com/cdn/shop/files/fb0430.jpg,Warm,Tan,warm,tan,479000,TRUE,,"(138, 82, 45)",#8a522d,40.62,19.84,31.19,html_hex,7,Tan,#825c43,36.4,13.17,42,13,44.7,"[{""mst"": 7, ""label"": ""Tan"", ""score_pct"": 36.4}, {""mst"": 6, ""label"": ""Medium Tan"", ""score_pct"": 34.0}, {""mst"": 8, ""label"": ""Deep"", ""score_pct"": 11.3}]",full
Fenty Beauty,Fenty Beauty Pro Filtr Foundation,#440 - Deep with warm bronze undertones,479000,https://fentybeauty.com/cdn/shop/files/fb0440.jpg,Warm,Medium Tan,warm,medium to tan,479000,TRUE,,"(155, 88, 43)",#9b582b,44.41,23.76,37.16,html_hex,6,Medium Tan,#a07850,39.8,18.46,47.6,13,44.7,"[{""mst"": 6, ""label"": ""Medium Tan"", ""score_pct"": 39.8}, {""mst"": 7, ""label"": ""Tan"", ""score_pct"": 22.4}, {""mst"": 5, ""label"": ""Medium"", ""score_pct"": 15.4}]",full
Fenty Beauty,Fenty Beauty Pro Filtr Foundation,#445 - Deep with warm olive undertones,479000,https://fentybeauty.com/cdn/shop/files/fb0445.jpg,Warm,Medium Tan,warm,tan,479000,TRUE,,"(143, 88, 37)",#8f5825,42.69,18.12,37.9,html_hex,6,Medium Tan,#a07850,40,16.5,48.1,13,44.7,"[{""mst"": 6, ""label"": ""Medium Tan"", ""score_pct"": 40.0}, {""mst"": 7, ""label"": ""Tan"", ""score_pct"": 32.2}, {""mst"": 8, ""label"": ""Deep"", ""score_pct"": 9.1}]",full
Fenty Beauty,Fenty Beauty Pro Filtr Foundation,#450 - Deep with neutral undertones,479000,https://fentybeauty.com/cdn/shop/files/fb0450.jpg,Neutral,Tan,neutral,tan,479000,TRUE,,"(135, 84, 48)",#875430,40.75,17.54,29.55,html_hex,7,Tan,#825c43,40.3,10.56,49.3,10,44.7,"[{""mst"": 7, ""label"": ""Tan"", ""score_pct"": 40.3}, {""mst"": 6, ""label"": ""Medium Tan"", ""score_pct"": 29.5}, {""mst"": 8, ""label"": ""Deep"", ""score_pct"": 11.7}]",full
Fenty Beauty,Fenty Beauty Pro Filtr Foundation,#470 - Deep with warm golden undertones,479000,https://fentybeauty.com/cdn/shop/files/fb0470.jpg,Warm,Tan,warm,dark,479000,TRUE,,"(118, 67, 40)",#764328,34.02,19.33,25.61,html_hex,7,Tan,#825c43,33.9,12.09,44.8,13,37.2,"[{""mst"": 7, ""label"": ""Tan"", ""score_pct"": 33.9}, {""mst"": 8, ""label"": ""Deep"", ""score_pct"": 26.4}, {""mst"": 6, ""label"": ""Medium Tan"", ""score_pct"": 13.5}]",full
Fenty Beauty,Fenty Beauty Pro Filtr Foundation,#480 - Deep with warm golden undertones,479000,https://fentybeauty.com/cdn/shop/files/fb0480.jpg,Warm,Tan,warm,dark,479000,TRUE,,"(108, 61, 36)",#6c3d24,31.01,18.07,24.03,html_hex,7,Tan,#825c43,31.3,13.29,40.2,13,37.2,"[{""mst"": 7, ""label"": ""Tan"", ""score_pct"": 31.3}, {""mst"": 8, ""label"": ""Deep"", ""score_pct"": 30.3}, {""mst"": 9, ""label"": ""Very Deep"", ""score_pct"": 10.9}]",full
Fenty Beauty,Fenty Beauty Pro Filtr Foundation,#485 - deep with neutral undertones,479000,https://fentybeauty.com/cdn/shop/files/fb0486.jpg,Neutral,Deep,neutral,dark,479000,TRUE,,"(92, 44, 28)",#5c2c1c,24.2,20.42,20.21,html_hex,8,Deep,#604134,39.3,12.87,50.8,10,37.2,"[{""mst"": 8, ""label"": ""Deep"", ""score_pct"": 39.3}, {""mst"": 7, ""label"": ""Tan"", ""score_pct"": 20.5}, {""mst"": 9, ""label"": ""Very Deep"", ""score_pct"": 15.3}]",full
Fenty Beauty,Fenty Beauty Pro Filtr Foundation,#490 - Deep with neutral undertones,479000,https://fentybeauty.com/cdn/shop/files/fb0490.jpg,Neutral,Deep,neutral,dark,479000,TRUE,,"(100, 55, 27)",#64371b,28.17,17.38,25.75,html_hex,8,Deep,#604134,34.7,13.89,42.6,10,37.2,"[{""mst"": 8, ""label"": ""Deep"", ""score_pct"": 34.7}, {""mst"": 7, ""label"": ""Tan"", ""score_pct"": 27.0}, {""mst"": 9, ""label"": ""Very Deep"", ""score_pct"": 12.7}]",full
Fenty Beauty,Fenty Beauty Pro Filtr Foundation,#495 - Deep with warm bronze undertones,479000,https://fentybeauty.com/cdn/shop/files/fb0495.jpg,Warm,Deep,warm,dark,479000,TRUE,,"(87, 43, 24)",#572b18,23.07,18.44,21.18,html_hex,8,Deep,#604134,36.5,12.86,45.9,13,37.2,"[{""mst"": 8, ""label"": ""Deep"", ""score_pct"": 36.5}, {""mst"": 7, ""label"": ""Tan"", ""score_pct"": 22.8}, {""mst"": 9, ""label"": ""Very Deep"", ""score_pct"": 14.6}]",full
Fenty Beauty,Fenty Beauty Pro Filtr Foundation,#498 - Deep with neutral undertones,479000,https://fentybeauty.com/cdn/shop/files/fb0498.jpg,Neutral,Very Deep,neutral,dark,479000,TRUE,,"(66, 48, 42)",#42302a,21.72,7.18,7.03,html_hex,9,Very Deep,#3a312a,34.4,4.66,49.3,10,37.2,"[{""mst"": 9, ""label"": ""Very Deep"", ""score_pct"": 34.4}, {""mst"": 8, ""label"": ""Deep"", ""score_pct"": 22.3}, {""mst"": 10, ""label"": ""Deepest"", ""score_pct"": 18.8}]",full
L'Oreal Paris,True Match Super-Blendable Foundation,C0.5 Fair Ivory,239000,https://www.lorealparisusa.com/medias/true-match-c05-fair-ivory.jpg,Cool,Porcelain,cool,fair,239000,TRUE,,"(252, 222, 209)",#FCDED1,90.57,8.31,10.17,html_hex,1,Porcelain,#f6ede4,30.7,9.05,30.8,12.5,55,"[{""mst"": 1, ""label"": ""Porcelain"", ""score_pct"": 30.7}, {""mst"": 2, ""label"": ""Fair"", ""score_pct"": 29.4}, {""mst"": 3, ""label"": ""Light"", ""score_pct"": 14.2}]",full
L'Oreal Paris,True Match Super-Blendable Foundation,C1 Alabaster,239000,https://www.lorealparisusa.com/medias/true-match-c1-alabaster.jpg,Cool,Porcelain,cool,fair,239000,TRUE,,"(252, 212, 196)",#FCD4C4,87.86,11.59,13.13,html_hex,1,Porcelain,#f6ede4,27.6,14.19,25.5,12.5,55,"[{""mst"": 1, ""label"": ""Porcelain"", ""score_pct"": 27.6}, {""mst"": 2, ""label"": ""Fair"", ""score_pct"": 26.4}, {""mst"": 3, ""label"": ""Light"", ""score_pct"": 14.3}]",full
L'Oreal Paris,True Match Super-Blendable Foundation,C1.5 Bone,239000,https://www.lorealparisusa.com/medias/true-match-c15-bone.jpg,Cool,Porcelain,cool,fair,239000,TRUE,,"(250, 204, 189)",#FACCBD,85.6,14.05,13.6,html_hex,1,Porcelain,#f6ede4,26.5,17.27,23.3,12.5,55,"[{""mst"": 1, ""label"": ""Porcelain"", ""score_pct"": 26.5}, {""mst"": 2, ""label"": ""Fair"", ""score_pct"": 25.2}, {""mst"": 3, ""label"": ""Light"", ""score_pct"": 13.6}]",full
L'Oreal Paris,True Match Super-Blendable Foundation,C2 Natural Ivory,239000,https://www.lorealparisusa.com/medias/true-match-c2-natural-ivory.jpg,Cool,Porcelain,cool,fair,239000,TRUE,,"(247, 212, 196)",#F7D4C4,87.41,9.77,12.44,html_hex,1,Porcelain,#f6ede4,27.9,12.79,26.5,12.5,55,"[{""mst"": 1, ""label"": ""Porcelain"", ""score_pct"": 27.9}, {""mst"": 2, ""label"": ""Fair"", ""score_pct"": 27.0}, {""mst"": 3, ""label"": ""Light"", ""score_pct"": 14.3}]",full
L'Oreal Paris,True Match Super-Blendable Foundation,C2.5 Ivory Beige,239000,https://www.lorealparisusa.com/medias/true-match-c25-ivory-beige.jpg,Cool,Porcelain,cool,fair,239000,TRUE,,"(237, 186, 163)",#EDBAA3,79.48,15.19,18.7,html_hex,1,Porcelain,#f6ede4,22.3,24.09,30.7,12.5,55,"[{""mst"": 1, ""label"": ""Porcelain"", ""score_pct"": 22.3}, {""mst"": 2, ""label"": ""Fair"", ""score_pct"": 20.4}, {""mst"": 5, ""label"": ""Medium"", ""score_pct"": 18.8}]",full
L'Oreal Paris,True Match Super-Blendable Foundation,C3 Creamy Natural,239000,https://www.lorealparisusa.com/medias/true-match-c3-creamy-natural.jpg,Cool,Porcelain,cool,fair,239000,TRUE,,"(235, 182, 162)",#EBB6A2,78.3,16.42,17.57,html_hex,1,Porcelain,#f6ede4,22.4,24.96,29.8,12.5,55,"[{""mst"": 1, ""label"": ""Porcelain"", ""score_pct"": 22.4}, {""mst"": 2, ""label"": ""Fair"", ""score_pct"": 20.5}, {""mst"": 5, ""label"": ""Medium"", ""score_pct"": 18.3}]",full
L'Oreal Paris,True Match Super-Blendable Foundation,C4 Shell Beige,239000,https://www.lorealparisusa.com/medias/true-match-c4-shell-beige.jpg,Cool,Medium,cool,fair,239000,TRUE,,"(235, 176, 148)",#EBB094,76.59,17.89,22.74,html_hex,5,Medium,#d7bd96,21.4,14.49,35.5,12.5,55,"[{""mst"": 5, ""label"": ""Medium"", ""score_pct"": 21.4}, {""mst"": 1, ""label"": ""Porcelain"", ""score_pct"": 20.5}, {""mst"": 2, ""label"": ""Fair"", ""score_pct"": 18.1}]",full
L'Oreal Paris,True Match Super-Blendable Foundation,C5 Classic Beige,239000,https://www.lorealparisusa.com/medias/true-match-c5-classic-beige.jpg,Cool,Fair,cool,light,239000,TRUE,,"(222, 163, 143)",#DEA38F,72.03,19.21,18.98,html_hex,2,Fair,#f3e7db,18.7,28.99,30.2,12.5,44.7,"[{""mst"": 2, ""label"": ""Fair"", ""score_pct"": 18.7}, {""mst"": 5, ""label"": ""Medium"", ""score_pct"": 18.5}, {""mst"": 3, ""label"": ""Light"", ""score_pct"": 18.4}]",full
L'Oreal Paris,True Match Super-Blendable Foundation,C6 Soft Sable,239000,https://www.lorealparisusa.com/medias/true-match-c6-soft-sable.jpg,Cool,Medium Tan,cool,medium to tan,239000,TRUE,,"(182, 102, 55)",#B66637,51.53,28.16,39.82,html_hex,6,Medium Tan,#a07850,40.6,21.31,50.5,12.5,44.7,"[{""mst"": 6, ""label"": ""Medium Tan"", ""score_pct"": 40.6}, {""mst"": 7, ""label"": ""Tan"", ""score_pct"": 19.9}, {""mst"": 5, ""label"": ""Medium"", ""score_pct"": 16.0}]",full
L'Oreal Paris,True Match Super-Blendable Foundation,C7 Nut Brown,239000,https://www.lorealparisusa.com/medias/true-match-c7-nut-brown.jpg,Cool,Medium Tan,cool,medium,239000,TRUE,,"(193, 113, 75)",#C1714B,55.74,28.02,34.42,html_hex,6,Medium Tan,#a07850,30.7,18.74,50.3,12.5,44.7,"[{""mst"": 6, ""label"": ""Medium Tan"", ""score_pct"": 30.7}, {""mst"": 7, ""label"": ""Tan"", ""score_pct"": 17.4}, {""mst"": 5, ""label"": ""Medium"", ""score_pct"": 17.1}]",full
L'Oreal Paris,True Match Super-Blendable Foundation,C8 Cocoa,239000,https://www.lorealparisusa.com/medias/true-match-c8-cocoa.jpg,Cool,Tan,cool,tan,239000,TRUE,,"(139, 72, 38)",#8B4826,38.31,25.57,32.49,html_hex,7,Tan,#825c43,37.2,18.32,44.4,12.5,44.7,"[{""mst"": 7, ""label"": ""Tan"", ""score_pct"": 37.2}, {""mst"": 6, ""label"": ""Medium Tan"", ""score_pct"": 27.0}, {""mst"": 8, ""label"": ""Deep"", ""score_pct"": 15.3}]",full
L'Oreal Paris,True Match Super-Blendable Foundation,C9 Deep Cool,239000,https://www.lorealparisusa.com/medias/true-match-c9-deep-cool.jpg,Cool,Tan,cool,dark,239000,TRUE,,"(130, 61, 22)",#823D16,34.28,27.1,36.21,html_hex,7,Tan,#825c43,31.6,23.04,41.7,12.5,37.2,"[{""mst"": 7, ""label"": ""Tan"", ""score_pct"": 31.6}, {""mst"": 8, ""label"": ""Deep"", ""score_pct"": 25.0}, {""mst"": 6, ""label"": ""Medium Tan"", ""score_pct"": 15.8}]",full
L'Oreal Paris,True Match Super-Blendable Foundation,C9.5 Hot Chocolate Cool,239000,https://www.lorealparisusa.com/medias/true-match-c95-hot-chocolate-cool.jpg,Cool,Deep,cool,dark,239000,TRUE,,"(102, 48, 23)",#663017,26.74,22.24,26.57,html_hex,8,Deep,#604134,35.2,17.39,43.8,12.5,37.2,"[{""mst"": 8, ""label"": ""Deep"", ""score_pct"": 35.2}, {""mst"": 7, ""label"": ""Tan"", ""score_pct"": 25.6}, {""mst"": 9, ""label"": ""Very Deep"", ""score_pct"": 12.8}]",full
L'Oreal Paris,True Match Super-Blendable Foundation,C10 Espresso Cool,239000,https://www.lorealparisusa.com/medias/true-match-c10-espresso-cool.jpg,Cool,Deep,cool,dark,239000,TRUE,,"(82, 31, 10)",#521F0A,19.21,22.52,24.32,html_hex,8,Deep,#604134,36.5,19.23,46,12.5,37.2,"[{""mst"": 8, ""label"": ""Deep"", ""score_pct"": 36.5}, {""mst"": 7, ""label"": ""Tan"", ""score_pct"": 19.5}, {""mst"": 9, ""label"": ""Very Deep"", ""score_pct"": 16.5}]",full
L'Oreal Paris,True Match Super-Blendable Foundation,C11 Coffee,239000,https://www.lorealparisusa.com/medias/true-match-c11-coffee.jpg,Cool,Deep,cool,dark,239000,TRUE,,"(62, 25, 21)",#3E1915,14.25,17.7,11.39,html_hex,8,Deep,#604134,28.9,17.61,32.3,12.5,37.2,"[{""mst"": 8, ""label"": ""Deep"", ""score_pct"": 28.9}, {""mst"": 9, ""label"": ""Very Deep"", ""score_pct"": 24.0}, {""mst"": 10, ""label"": ""Deepest"", ""score_pct"": 20.2}]",full
L'Oreal Paris,True Match Super-Blendable Foundation,C12 Dark Chocolate,239000,https://www.lorealparisusa.com/medias/true-match-c12-dark-chocolate.jpg,Cool,Deepest,cool,dark,239000,TRUE,,"(40, 15, 17)",#280F11,7.53,13.28,3.96,html_hex,10,Deepest,#292420,31.2,13.77,48.7,12.5,37.2,"[{""mst"": 10, ""label"": ""Deepest"", ""score_pct"": 31.2}, {""mst"": 9, ""label"": ""Very Deep"", ""score_pct"": 25.4}, {""mst"": 8, ""label"": ""Deep"", ""score_pct"": 19.3}]",full
L'Oreal Paris,True Match Super-Blendable Foundation,W0.5 Cream Ivory,239000,https://www.lorealparisusa.com/medias/true-match-w05-cream-ivory.jpg,Warm,Porcelain,warm,fair,239000,TRUE,,"(252, 230, 212)",#FCE6D4,92.59,4.64,11.49,html_hex,1,Porcelain,#f6ede4,24.2,7.01,29.8,13,55,"[{""mst"": 1, ""label"": ""Porcelain"", ""score_pct"": 24.2}, {""mst"": 2, ""label"": ""Fair"", ""score_pct"": 23.4}, {""mst"": 3, ""label"": ""Light"", ""score_pct"": 19.5}]",full
L'Oreal Paris,True Match Super-Blendable Foundation,W1 Porcelain,239000,https://www.lorealparisusa.com/medias/true-match-w1-porcelain.jpg,Warm,Porcelain,warm,fair,239000,TRUE,,"(250, 222, 199)",#FADEC7,90.18,6.11,14.82,html_hex,1,Porcelain,#f6ede4,22,11.21,30.3,13,55,"[{""mst"": 1, ""label"": ""Porcelain"", ""score_pct"": 22.0}, {""mst"": 2, ""label"": ""Fair"", ""score_pct"": 20.7}, {""mst"": 4, ""label"": ""Light Medium"", ""score_pct"": 19.1}]",full
L'Oreal Paris,True Match Super-Blendable Foundation,W2 Light Ivory,239000,https://www.lorealparisusa.com/medias/true-match-w2-light-ivory.jpg,Warm,Medium,warm,fair,239000,TRUE,,"(247, 212, 179)",#F7D4B3,87.05,7.41,20.87,html_hex,5,Medium,#d7bd96,19.8,10.22,31.2,13,55,"[{""mst"": 5, ""label"": ""Medium"", ""score_pct"": 19.8}, {""mst"": 1, ""label"": ""Porcelain"", ""score_pct"": 19.5}, {""mst"": 4, ""label"": ""Light Medium"", ""score_pct"": 18.7}]",full
L'Oreal Paris,True Match Super-Blendable Foundation,W2.5 Vanilla,239000,https://www.lorealparisusa.com/medias/true-match-w25-vanilla.jpg,Warm,Medium,warm,fair,239000,TRUE,,"(240, 205, 170)",#F0CDAA,84.53,7.24,22.01,html_hex,5,Medium,#d7bd96,24.6,7.71,40,13,55,"[{""mst"": 5, ""label"": ""Medium"", ""score_pct"": 24.6}, {""mst"": 1, ""label"": ""Porcelain"", ""score_pct"": 18.7}, {""mst"": 4, ""label"": ""Light Medium"", ""score_pct"": 17.2}]",full
L'Oreal Paris,True Match Super-Blendable Foundation,W3 Nude Beige,239000,https://www.lorealparisusa.com/medias/true-match-w3-nude-beige.jpg,Warm,Medium,warm,fair,239000,TRUE,,"(240, 192, 160)",#F0C0A0,81.16,12.79,22.66,html_hex,5,Medium,#d7bd96,26.8,9.89,44.1,13,55,"[{""mst"": 5, ""label"": ""Medium"", ""score_pct"": 26.8}, {""mst"": 1, ""label"": ""Porcelain"", ""score_pct"": 18.6}, {""mst"": 2, ""label"": ""Fair"", ""score_pct"": 16.4}]",full
L'Oreal Paris,True Match Super-Blendable Foundation,W4 Natural Beige,239000,https://www.lorealparisusa.com/medias/true-match-w4-natural-beige.jpg,Warm,Medium,warm,fair,239000,TRUE,,"(227, 177, 134)",#E3B186,75.76,12.64,28.97,html_hex,5,Medium,#d7bd96,28.4,11.07,46.9,13,55,"[{""mst"": 5, ""label"": ""Medium"", ""score_pct"": 28.4}, {""mst"": 1, ""label"": ""Porcelain"", ""score_pct"": 17.2}, {""mst"": 2, ""label"": ""Fair"", ""score_pct"": 14.6}]",full
L'Oreal Paris,True Match Super-Blendable Foundation,W4.5 Fresh Beige,239000,https://www.lorealparisusa.com/medias/true-match-w45-fresh-beige.jpg,Warm,Medium,warm,light,239000,TRUE,,"(233, 168, 110)",#E9A86E,73.84,17.51,39.24,html_hex,5,Medium,#d7bd96,22.1,21.74,35.5,13,44.7,"[{""mst"": 5, ""label"": ""Medium"", ""score_pct"": 22.1}, {""mst"": 6, ""label"": ""Medium Tan"", ""score_pct"": 19.7}, {""mst"": 3, ""label"": ""Light"", ""score_pct"": 16.6}]",full
L'Oreal Paris,True Match Super-Blendable Foundation,W5 Sand Beige,239000,https://www.lorealparisusa.com/medias/true-match-w5-sand-beige.jpg,Warm,Medium,warm,fair,239000,TRUE,,"(235, 176, 129)",#EBB081,76.25,15.83,32.42,html_hex,5,Medium,#d7bd96,25.9,15.54,42.3,13,55,"[{""mst"": 5, ""label"": ""Medium"", ""score_pct"": 25.9}, {""mst"": 1, ""label"": ""Porcelain"", ""score_pct"": 17.2}, {""mst"": 2, ""label"": ""Fair"", ""score_pct"": 14.6}]",full
L'Oreal Paris,True Match Super-Blendable Foundation,W5.5 Suntan,239000,https://www.lorealparisusa.com/medias/true-match-w55-suntan.jpg,Warm,Medium Tan,warm,light to medium,239000,TRUE,,"(220, 149, 102)",#DC9566,67.78,21.71,35.52,html_hex,6,Medium Tan,#a07850,27.9,19.64,46.4,13,44.7,"[{""mst"": 6, ""label"": ""Medium Tan"", ""score_pct"": 27.9}, {""mst"": 4, ""label"": ""Light Medium"", ""score_pct"": 17.5}, {""mst"": 5, ""label"": ""Medium"", ""score_pct"": 17.1}]",full
L'Oreal Paris,True Match Super-Blendable Foundation,W6 Sun Beige,239000,https://www.lorealparisusa.com/medias/true-match-w6-sun-beige.jpg,Warm,Medium Tan,warm,light,239000,TRUE,,"(219, 153, 115)",#DB9973,68.81,20.34,29.84,html_hex,6,Medium Tan,#a07850,25.2,18.28,41.5,13,44.7,"[{""mst"": 6, ""label"": ""Medium Tan"", ""score_pct"": 25.2}, {""mst"": 5, ""label"": ""Medium"", ""score_pct"": 17.7}, {""mst"": 3, ""label"": ""Light"", ""score_pct"": 15.5}]",full
L'Oreal Paris,True Match Super-Blendable Foundation,W6.5 Medium,239000,https://www.lorealparisusa.com/medias/true-match-w65-medium.jpg,Warm,Medium,warm,light,239000,TRUE,,"(222, 172, 114)",#DEAC72,73.71,11.26,36.75,html_hex,5,Medium,#d7bd96,25.3,16.23,41.2,13,44.7,"[{""mst"": 5, ""label"": ""Medium"", ""score_pct"": 25.3}, {""mst"": 6, ""label"": ""Medium Tan"", ""score_pct"": 17.0}, {""mst"": 3, ""label"": ""Light"", ""score_pct"": 16.7}]",full
L'Oreal Paris,True Match Super-Blendable Foundation,W7 Caramel Beige,239000,https://www.lorealparisusa.com/medias/true-match-w7-caramel-beige.jpg,Warm,Medium Tan,warm,light to medium,239000,TRUE,,"(207, 142, 82)",#CF8E52,64.34,18.55,41.45,html_hex,6,Medium Tan,#a07850,32,19.07,53.8,13,44.7,"[{""mst"": 6, ""label"": ""Medium Tan"", ""score_pct"": 32.0}, {""mst"": 4, ""label"": ""Light Medium"", ""score_pct"": 16.5}, {""mst"": 3, ""label"": ""Light"", ""score_pct"": 14.6}]",full
L'Oreal Paris,True Match Super-Blendable Foundation,W8 Creme Cafe,239000,https://www.lorealparisusa.com/medias/true-match-w8-creme-cafe.jpg,Warm,Medium Tan,warm,medium,239000,TRUE,,"(189, 117, 70)",#BD7546,56.07,23.82,37.39,html_hex,6,Medium Tan,#a07850,36.1,16.47,58.9,13,44.7,"[{""mst"": 6, ""label"": ""Medium Tan"", ""score_pct"": 36.1}, {""mst"": 5, ""label"": ""Medium"", ""score_pct"": 18.3}, {""mst"": 4, ""label"": ""Light Medium"", ""score_pct"": 14.8}]",full
L'Oreal Paris,True Match Super-Blendable Foundation,W9 Spiced Latte,239000,https://www.lorealparisusa.com/medias/true-match-w9-spiced-latte.jpg,Warm,Medium Tan,warm,medium to tan,239000,TRUE,,"(172, 107, 56)",#AC6B38,51.35,21.21,38.74,html_hex,6,Medium Tan,#a07850,45.8,15.29,58.7,13,44.7,"[{""mst"": 6, ""label"": ""Medium Tan"", ""score_pct"": 45.8}, {""mst"": 7, ""label"": ""Tan"", ""score_pct"": 17.5}, {""mst"": 5, ""label"": ""Medium"", ""score_pct"": 16.8}]",full
L'Oreal Paris,True Match Super-Blendable Foundation,W9.5 Deep Warm,239000,https://www.lorealparisusa.com/medias/true-match-w95-deep-warm.jpg,Warm,Medium Tan,warm,tan,239000,TRUE,,"(151, 86, 39)",#975627,43.33,22.93,37.9,html_hex,6,Medium Tan,#a07850,39.3,18.83,46.8,13,44.7,"[{""mst"": 6, ""label"": ""Medium Tan"", ""score_pct"": 39.3}, {""mst"": 7, ""label"": ""Tan"", ""score_pct"": 32.5}, {""mst"": 8, ""label"": ""Deep"", ""score_pct"": 9.4}]",full
L'Oreal Paris,True Match Super-Blendable Foundation,W10 Deep Golden,239000,https://www.lorealparisusa.com/medias/true-match-w10-deep-golden.jpg,Warm,Tan,warm,dark,239000,TRUE,,"(118, 59, 5)",#763B05,31.79,22.45,40.29,html_hex,7,Tan,#825c43,30.3,24.63,38.4,13,37.2,"[{""mst"": 7, ""label"": ""Tan"", ""score_pct"": 30.3}, {""mst"": 8, ""label"": ""Deep"", ""score_pct"": 22.9}, {""mst"": 6, ""label"": ""Medium Tan"", ""score_pct"": 20.1}]",full
L'Oreal Paris,True Match Super-Blendable Foundation,W10.5 Deep,239000,https://www.lorealparisusa.com/medias/true-match-w105-deep.jpg,Warm,Deep,warm,dark,239000,TRUE,,"(82, 43, 20)",#522B14,22.2,15.8,22.43,html_hex,8,Deep,#604134,35.8,13.1,44.7,13,37.2,"[{""mst"": 8, ""label"": ""Deep"", ""score_pct"": 35.8}, {""mst"": 7, ""label"": ""Tan"", ""score_pct"": 22.3}, {""mst"": 9, ""label"": ""Very Deep"", ""score_pct"": 15.3}]",full
L'Oreal Paris,True Match Super-Blendable Foundation,N0.5 Fresh Ivory,239000,https://www.lorealparisusa.com/medias/true-match-n05-fresh-ivory.jpg,Neutral,Porcelain,neutral,fair,239000,TRUE,,"(252, 227, 204)",#FCE3CC,91.68,4.99,14.36,html_hex,1,Porcelain,#f6ede4,24.8,9.91,30.4,10,55,"[{""mst"": 1, ""label"": ""Porcelain"", ""score_pct"": 24.8}, {""mst"": 2, ""label"": ""Fair"", ""score_pct"": 24.1}, {""mst"": 3, ""label"": ""Light"", ""score_pct"": 19.9}]",full
L'Oreal Paris,True Match Super-Blendable Foundation,N1 Soft Ivory,239000,https://www.lorealparisusa.com/medias/true-match-n1-soft-ivory.jpg,Neutral,Porcelain,neutral,fair,239000,TRUE,,"(245, 212, 185)",#F5D4B9,87,7.48,17.62,html_hex,1,Porcelain,#f6ede4,21.9,15.37,31.8,10,55,"[{""mst"": 1, ""label"": ""Porcelain"", ""score_pct"": 21.9}, {""mst"": 2, ""label"": ""Fair"", ""score_pct"": 20.6}, {""mst"": 4, ""label"": ""Light Medium"", ""score_pct"": 19.5}]",full
L'Oreal Paris,True Match Super-Blendable Foundation,N2 Classic Ivory,239000,https://www.lorealparisusa.com/medias/true-match-n2-classic-ivory.jpg,Neutral,Porcelain,neutral,fair,239000,TRUE,,"(245, 212, 187)",#F5D4BB,87.04,7.76,16.63,html_hex,1,Porcelain,#f6ede4,22.5,14.69,30.4,10,55,"[{""mst"": 1, ""label"": ""Porcelain"", ""score_pct"": 22.5}, {""mst"": 2, ""label"": ""Fair"", ""score_pct"": 21.4}, {""mst"": 4, ""label"": ""Light Medium"", ""score_pct"": 18.7}]",full
L'Oreal Paris,True Match Super-Blendable Foundation,N3 Natural Buff,239000,https://www.lorealparisusa.com/medias/true-match-n3-natural-buff.jpg,Neutral,Medium,neutral,fair,239000,TRUE,,"(235, 189, 151)",#EBBD97,79.78,11.36,25.48,html_hex,5,Medium,#d7bd96,29.3,8.44,49.6,10,55,"[{""mst"": 5, ""label"": ""Medium"", ""score_pct"": 29.3}, {""mst"": 1, ""label"": ""Porcelain"", ""score_pct"": 18.6}, {""mst"": 2, ""label"": ""Fair"", ""score_pct"": 16.0}]",full
L'Oreal Paris,True Match Super-Blendable Foundation,N4 Buff Beige,239000,https://www.lorealparisusa.com/medias/true-match-n4-buff-beige.jpg,Neutral,Medium,neutral,light,239000,TRUE,,"(227, 171, 138)",#E3AB8A,74.38,16.29,24.98,html_hex,5,Medium,#d7bd96,26.5,13.42,44.5,10,44.7,"[{""mst"": 5, ""label"": ""Medium"", ""score_pct"": 26.5}, {""mst"": 3, ""label"": ""Light"", ""score_pct"": 17.7}, {""mst"": 2, ""label"": ""Fair"", ""score_pct"": 16.7}]",full
L'Oreal Paris,True Match Super-Blendable Foundation,N5 True Beige,239000,https://www.lorealparisusa.com/medias/true-match-n5-true-beige.jpg,Neutral,Medium,neutral,light,239000,TRUE,,"(220, 159, 121)",#DC9F79,70.45,18.11,28.77,html_hex,5,Medium,#d7bd96,21.8,17.37,36,10,44.7,"[{""mst"": 5, ""label"": ""Medium"", ""score_pct"": 21.8}, {""mst"": 6, ""label"": ""Medium Tan"", ""score_pct"": 19.0}, {""mst"": 3, ""label"": ""Light"", ""score_pct"": 16.2}]",full
L'Oreal Paris,True Match Super-Blendable Foundation,N5.5 Perfect Beige,239000,https://www.lorealparisusa.com/medias/true-match-n55-perfect-beige.jpg,Neutral,Medium Tan,neutral,light to medium,239000,TRUE,,"(207, 148, 99)",#CF9463,66.02,16.66,34.59,html_hex,6,Medium Tan,#a07850,29.2,15.44,49.5,10,44.7,"[{""mst"": 6, ""label"": ""Medium Tan"", ""score_pct"": 29.2}, {""mst"": 5, ""label"": ""Medium"", ""score_pct"": 16.7}, {""mst"": 4, ""label"": ""Light Medium"", ""score_pct"": 16.7}]",full
L'Oreal Paris,True Match Super-Blendable Foundation,N6 Honey Beige,239000,https://www.lorealparisusa.com/medias/true-match-n6-honey-beige.jpg,Neutral,Medium Tan,neutral,light to medium,239000,TRUE,,"(207, 145, 99)",#CF9163,65.29,18.29,33.67,html_hex,6,Medium Tan,#a07850,30.4,15.23,51.6,10,44.7,"[{""mst"": 6, ""label"": ""Medium Tan"", ""score_pct"": 30.4}, {""mst"": 4, ""label"": ""Light Medium"", ""score_pct"": 16.4}, {""mst"": 5, ""label"": ""Medium"", ""score_pct"": 15.3}]",full
L'Oreal Paris,True Match Super-Blendable Foundation,N6.5 Golden Beige,239000,https://www.lorealparisusa.com/medias/true-match-n65-golden-beige.jpg,Warm,Medium Tan,warm,light to medium,239000,TRUE,,"(211, 128, 69)",#D38045,61.41,26.95,44.8,html_hex,6,Medium Tan,#a07850,32.5,24.8,54.7,13,44.7,"[{""mst"": 6, ""label"": ""Medium Tan"", ""score_pct"": 32.5}, {""mst"": 4, ""label"": ""Light Medium"", ""score_pct"": 15.8}, {""mst"": 3, ""label"": ""Light"", ""score_pct"": 14.3}]",full
L'Oreal Paris,True Match Super-Blendable Foundation,N7 Classic Tan,239000,https://www.lorealparisusa.com/medias/true-match-n7-classic-tan.jpg,Neutral,Medium Tan,neutral,light to medium,239000,TRUE,,"(198, 130, 81)",#C68251,60.4,21.26,36.99,html_hex,6,Medium Tan,#a07850,35.4,15.61,60.7,10,44.7,"[{""mst"": 6, ""label"": ""Medium Tan"", ""score_pct"": 35.4}, {""mst"": 4, ""label"": ""Light Medium"", ""score_pct"": 14.9}, {""mst"": 3, ""label"": ""Light"", ""score_pct"": 14.0}]",full
L'Oreal Paris,True Match Super-Blendable Foundation,N8 Cappuccino,239000,https://www.lorealparisusa.com/medias/true-match-n8-cappuccino.jpg,Neutral,Medium Tan,neutral,tan,239000,TRUE,,"(152, 74, 11)",#984A0B,40.57,29.09,47.15,html_hex,6,Medium Tan,#a07850,37.3,29.63,43.9,10,44.7,"[{""mst"": 6, ""label"": ""Medium Tan"", ""score_pct"": 37.3}, {""mst"": 7, ""label"": ""Tan"", ""score_pct"": 32.3}, {""mst"": 8, ""label"": ""Deep"", ""score_pct"": 10.5}]",full
L'Oreal Paris,True Match Super-Blendable Foundation,N9 Mahogany,239000,https://www.lorealparisusa.com/medias/true-match-n9-mahogany.jpg,Neutral,Tan,neutral,dark,239000,TRUE,,"(137, 64, 4)",#894004,35.98,28,44.98,html_hex,7,Tan,#825c43,29.8,29.76,37.7,10,37.2,"[{""mst"": 7, ""label"": ""Tan"", ""score_pct"": 29.8}, {""mst"": 6, ""label"": ""Medium Tan"", ""score_pct"": 22.9}, {""mst"": 8, ""label"": ""Deep"", ""score_pct"": 20.8}]",full
L'Oreal Paris,True Match Super-Blendable Foundation,N10 Milk Chocolate,239000,https://www.lorealparisusa.com/medias/true-match-n10-milk-chocolate.jpg,Neutral,Tan,neutral,dark,239000,TRUE,,"(112, 57, 18)",#703912,30.44,21.26,33.48,html_hex,7,Tan,#825c43,31.3,19.81,40.5,10,37.2,"[{""mst"": 7, ""label"": ""Tan"", ""score_pct"": 31.3}, {""mst"": 8, ""label"": ""Deep"", ""score_pct"": 27.6}, {""mst"": 6, ""label"": ""Medium Tan"", ""score_pct"": 13.1}]",full
L'Oreal Paris,True Match Super-Blendable Foundation,N11 Chocolate,239000,https://www.lorealparisusa.com/medias/true-match-n11-chocolate.jpg,Neutral,Deep,neutral,dark,239000,TRUE,,"(76, 39, 14)",#4C270E,20.12,15.05,23.27,html_hex,8,Deep,#604134,36,14.88,45,10,37.2,"[{""mst"": 8, ""label"": ""Deep"", ""score_pct"": 36.0}, {""mst"": 9, ""label"": ""Very Deep"", ""score_pct"": 18.4}, {""mst"": 7, ""label"": ""Tan"", ""score_pct"": 18.4}]",full
